qid,image,label
Q1677,10107/1130163,Menai Straits & Bangor from Beaumaris
Q1677,10107/1131733,Bangor in the county of Caernarvon
Q1677,10107/1133047,"The Penrhyn Arms, Bangor"
Q1677,10107/1131646,Bangor Cathedral: Caernarvonshire
Q1677,10107/1128791,Penrhyn Castle
Q1677,10107/1132050,Penrhyn Castle from Garth Point
Q8616,10107/1130192,"Aberystwyth, from Craiglais"
Q32312,10107/1131096,"The University for Wales, Aberystwith"
Q32312,10107/1129001,Aberystwith: harbour and new pier
Q8616,10107/1130324,"The Parade, Aberystwith"
Q32312,10107/1131490,Aberystwith and Cardigan Bay
Q103800,10107/1131715,Suspension bridge over the Menai at Bangor Ferry
Q1449,10107/1129620,East view of the inside of Cardiff castle
Q8639,10107/1132317,Conway Castle
Q8639,10107/1132901,"Conventional Church, Abbey of Conway"
Q8639,10107/1129117,"Conway Castle, In Caernarvonshire. Plate II"
Q8639,10107/1133924,Conway Castle
Q8639,10107/1129807,"Court Yard, Conway Castle"
Q8639,10107/1131137,Porth Ucha
Q8639,10107/1129548,Conway
Q8639,10107/1132764,Conway
Q8639,10107/1132335,Conway Castle
Q8639,10107/1129795,"Conway, from the Llandudno road"
Q8639,10107/1130889,Conway Ferry
Q8639,10107/1133114,Conway bridge and castle. North Wales
Q8644,10107/1132177,Near Llandovery
Q8645,10107/1130022,Barmouth
Q8645,10107/1131020,Barmouth
Q8645,10107/1133770,Barmouth Merionethshire
Q8646,10107/1132346,"Newtown, Montgomeryshire. From the Bryn Bank"
Q8657,10107/1132278,"Square Tower, Caldecot Castle, Monmouthshire"
Q8657,10107/1133065,"St. Mary's, Caldicot"
Q8657,10107/1133052,"Back entrance of Caldicot Castle, South Wales"
Q8661,10107/1128966,"Gateway & bridge, Ragland, Monmouthshire"
Q8661,10107/1132024,"Ragland, Monmouthshire"
Q8661,10107/1130376,"Village of Ragland, Monmouthshire"
Q8661,10107/1132044,Inside View of Raglan Castle
Q8661,10107/1132983,Raglan Castle
Q8661,10107/1129557,The Paved Stone Court Raglan Castle
Q8661,10107/1131623,"Ragland Castle, Monmouth Sh"
Q103913,10107/1129581,"Trefforrest tin works, Glamorganshire"
Q104125,10107/1294183,Llandrindod Wells - The lake
Q103822,10107/1128861,Ancient entrance to the Palace
Q103822,10107/1131650,King John's Hall
Q103986,10107/1132757,"Snowdon, Llanberis Lakes & Castle"
Q103838,10107/4702538,Pont Aberglaslyn
Q2665,10107/1131180,Llanelwy. St. Asaph
Q8609,10107/4641441,"Statue to the late Honourable GS Rolls, Monmouth"
Q8609,10107/1133301,"View of Monmouth, from Gibralter"
Q8609,10107/1133266,Monmouth
Q8609,10107/1132404,An old Gateway at Monmouth
Q8609,10107/1131852,Monmouth from the old road to Hereford
Q8609,10107/1129225,"Monnow Bridge, Monmouth"
Q8611,10107/1130764,"Bala Lake, north Wales"
Q8611,10107/1131531,"Part of Bala Lake, Merionethshire"
Q1808,10107/4641368,"Field's Park Road, Newport"
Q1808,10107/4641356,"Charles Street showing Empire, Newport"
Q1808,10107/4641314,"The Infirmary, Newport"
Q1808,10107/4641395,"County Council Offices, Police Stn, Newport"
Q1808,10107/4641220,"The Brook, Belle-Vue Park, Newport"
Q1808,10107/4641158,Transporter Bridge; Newport
Q103800,10107/1129697,Rhianva - Anglesey
Q32312,10107/1129698,Aberystwith castle and church
Q1,10107/1445597,John Speed's map of Wales
Q44951,10107/1129750,Stratflur
Q8613,10107/1128900,"Narberth Castle, Pembrokeshire"
Q8680,10107/1128918,"Moins court, I.Owen Esqr"
Q33279,10107/1128876,"St. Catherine's Island, near Tenby, Pembrokeshire"
Q36497,10107/1128936,"Tenby Church, Pembrokeshire"
Q36349,10107/1128946,Bridge and Castle of Scenfrith
Q8620,10107/1131338,"Collegiate church, Holy Head, Pl2"
Q8627,10107/1129172,The north east view of Caernarvon Castle
Q8627,10107/1130306,"Eagle Tower, Caernarvon Castle"
Q8627,10107/1131069,"Carnarvon, Beddgelert Road"
Q8627,10107/1131438,View near Caernarvon
Q8627,10107/1133946,"St. Mary's, Carnarvon"
Q8627,10107/1132788,The north east view of Caernarvon Castle
Q8627,10107/1133328,Caernarvon
Q8627,10107/1130548,Caernarvon Castle
Q8627,10107/1131044,Caernarvon Castle
Q8627,10107/1130903,"Town Hall gate, Caernarvon"
Q8627,10107/1129385,Caernarvon Castle. North Wales
Q8627,10107/1129067,Carnarvon Castle
Q8627,10107/1132846,Interior Of Carnarvon Castle
Q8627,10107/1132482,Carnarvon Castle
Q8628,10107/4641561,"Windsor Gardens, Penarth"
Q8628,10107/4641325,"Cannons, Alexandra Park, Penarth"
Q8628,10107/4786032,"Cliff Walk, Penarth"
Q8659,10107/1128794,Grosmont Church
Q13312,10107/1128844,South View of Chepstow Castle
Q1449,10107/4641724,"Queen Street, Cardiff"
Q1449,10107/4786045,"The Fountain, Victoria Park, Cardiff"
Q1449,10107/1132396,"Cardiff castle, Glamorganshire"
Q1449,10107/4785941,"Cannon, Victoria Park, Cardiff"
Q1449,10107/4641270,St Albans Cardiff : East End view with Sacristies.
Q1449,10107/1132717,"St. John's Church, Cardiff"
Q1449,10107/1130685,Cardiff Castle
Q1449,10107/1129444,"Bute docks, Cardiff"
Q1449,10107/1133686,The west gate of Cardiff in Glamorganshire
Q8752,10107/1133660,"Flint Castle, north Wales"
Q8752,10107/1132794,Flint
Q8752,10107/1132212,"Flint Church, s.e"
Q8765,10107/1131592,"View near Llanrwst, North Wales"
Q8776,10107/1128775,Tintern Abbey
Q8776,10107/1130110,Tintern Abbey. North Window
Q8776,10107/1131326,"N. E. View of Tintern Abbey, Monmouth"
Q8776,10107/1131982,"Tintern Abbey, From the Ferry"
Q8776,10107/1130809,Tintern Abbey
Q8776,10107/1131543,"The west window of Tintern Abbey, Monmouthshire"
Q8776,10107/1128984,Tintern Abbey: From the ferry
Q8776,10107/1129889,"Interior View of West Window, Tintern Abbey"
Q8776,10107/1128997,"South Front, Tintern Abbey"
Q8776,10107/1132395,"West door, Tintern Abbey"
Q8776,10107/1128848,"Tintern Abbey, Monmouthshire"
Q8776,10107/1132142,"Tintern Abbey, Monmouthshire: West Front"
Q8776,10107/1128856,"Interior of Tintern Abbey, Monmouthshire"
Q8781,10107/1133441,"New Castle: in Emlyn, Cardiganshire"
Q2185,10107/1132563,"St. David's Cathedral, Pembrokeshire"
Q2185,10107/1132940,St. David's
Q2319,10107/1133622,The south view of Wrexham in the county of Denbigh
Q2319,10107/1131817,"Tower of Wrexham church, Denbighshire"
Q8680,10107/1133451,View from Bannagor Crags
Q8680,10107/1130733,Inside view of Chepstow Castle
Q8680,10107/1133021,A view of Chepstow Castle in Monmouthshire
Q8680,10107/1129710,Chepstow Castle
Q8687,10107/1130707,"Bridge & castle, Cardigan"
Q8687,10107/1132604,Cardigan Bridge and Castle
Q8687,10107/1130081,Cardigan Castle
Q8694,10107/4641194,"The Parade, Barry"
Q8702,10107/1131609,"Picton's Monument, Carmarthen"
Q10864,10107/4785945,Photograph of Cardiff Castle
Q13312,10107/1133562,"Chepstow Castle, Monmouthshire"
Q13312,10107/1130002,"Chepstow castle on the river Wye, S. Wales"
Q13312,10107/1133784,"Chepstow Castle, and bridge"
Q8898,10107/1131859,Dolbadarn Castle
Q8898,10107/1129929,"Llanberris & Snowden, Caernarvonshire"
Q8898,10107/1129115,Llanberis
Q8898,10107/1133856,"Gaunant Mawr, a great waterfall near Snowden"
Q8898,10107/1130652,"Llanberris & Snowden, Caernarvonshire"
Q8898,10107/1131663,Snowdon & Llanberis lakes
Q8903,10107/1131636,"Rhuabon, Denbighshire"
Q8909,10107/1129753,"Vernon house, Britonferry, Glamorganshire"
Q8909,10107/1129869,Britonferry
Q8924,10107/1130083,"The Mumbles light house, Glamorganshire"
Q8702,10107/1130486,The south-east view of Carmarthen
Q8702,10107/1129127,Carmarthen
Q8707,10107/1132379,View of Snowdon: Plate II
Q8707,10107/1132561,Llyn Gwynan
Q8707,10107/1132829,"Snowdon, the ascent from Llanberis"
Q8707,10107/1133424,"The summit of Snowdon, from the Llanberis ascent"
Q8707,10107/1129081,"Pistyll Cain, Sir Feirionydd"
Q8707,10107/1130605,"Snowdon, north Wales"
Q9086,10107/4785985,"Cowbridge Road, Pontyclun"
Q9062,10107/4641173,"Ogmore Castle, Bridgend"
Q9090,10107/1129875,Llehaiden Castle
Q8892,10107/1132758,View above Rhayd'r
Q8892,10107/1133803,Rhaiadyr
Q8898,10107/1133951,"Snowdon, with Llanberris lakes"
Q8898,10107/1129598,"Hanes y Brytaniaid a'r Cymry, gan Gweirydd ap Rhys"
Q8898,10107/1130932,Pass of Llanberis
Q8898,10107/1130076,"Caenant Mawr, near Llanberis"
Q8813,10107/4641241,"County Hotel, Ebbw Vale."
Q8813,10107/4785858,Ebbw Vale Cottage Hospital
Q8811,10107/1133032,"Chirk Aqueduct, Denbighshire"
Q8819,10107/4702610,Llantwit market hall
Q8821,10107/1129187,Howerden Castle
Q8793,10107/1131031,Crickhowel
Q8793,10107/1133798,Crickhowell Bridge
Q8793,10107/1132824,"Creek Howell Castle, south Wales"
Q9429,10107/1129530,Tower on the Castle Hill
Q17510,10107/1129536,Penrhyn Slate Quarries
Q20424,10107/1129648,"Llanberris & Snowden, Caernarvonshire"
Q8684,10107/4785869,"High Street, Merthyr Tudful"
Q8680,10107/1130956,Chepstow castle
Q8680,10107/1131638,West view of Chepstow bridge
Q8680,10107/1131745,"Mathern Palace, Monmouthshire"
Q8680,10107/1130896,The Bridge and Castle at Chepstow
Q8680,10107/1129556,"Chepstow Castle, Monmouthshire"
Q8629,10107/1132066,Paris Mine
Q8634,10107/1130699,Abergavenny from the Uske road
Q8634,10107/1132956,South west view of Abergavenny Castle
Q8634,10107/1133079,Remains of castle at Abergavenny
Q8634,10107/1129804,"A mill near Abergavenny, Monmouthshire"
Q8639,10107/1129164,Conway
Q8639,10107/1131484,Conway Castle
Q8639,10107/1129644,Conway Castle
Q8639,10107/1129728,Conway
Q8612,10107/1132950,Hay: Brecknockshire
Q8615,10107/1133583,"The falls of the Conway, near Bettws y Coed"
Q8615,10107/1129475,Bettws-y-Coed
Q8615,10107/1131959,The Swallow Fall
Q8615,10107/1133750,"Falls of the Conway, near Bettws y Coed"
Q8615,10107/1132432,Swallow Waterfall
Q8614,10107/1129200,"On the river Wye, Monmouthshire"
Q8616,10107/1133915,Aberistwyth Castle
Q8616,10107/1132941,Aberystwith from the south
Q8616,10107/1132471,Goggerddan. Cardiganshire
Q9013,10107/1130060,"Kidwelly Castle & Bridge, Caermarthenshire"
Q9013,10107/1133410,Kidwelly Castle Chapel
Q9014,10107/1130289,Gresford
Q9139,10107/1131161,Lanthony Abbey
Q9139,10107/1130057,"Llanthony Abbey, Monmouthshire"
Q9139,10107/1131555,Llantony Abbey
Q9139,10107/1131032,West View of LLanthony Abbey
Q9139,10107/1132057,"Lantony monastery, Monmouthshire"
Q9157,10107/1131322,Pen arth castle
Q9171,10107/4785999,"The Esplanade, Porthcawl"
Q15250,10107/1132371,Crickieth Castle north Wales
Q16745,10107/1128774,"St. Donats, or St. Denwits castle, Glamorganshire"
Q17031,10107/1133675,Noon. Llanilted Vale N. Wales
Q17031,10107/1132326,"Yr A fon Mawddach, Wrth Y Rhaiadr"
Q9319,10107/1128814,"Garth, Montgomeryshire. The seat of Mrs. Mytton"
Q9429,10107/1132344,"Tenby, from North Cliff"
Q9429,10107/1130071,"Tenby, from the hotel"
Q9429,10107/1130219,Interior of the South Gate
Q9429,10107/1131054,White's house from the west
Q9429,10107/1129104,Tenby: Pembrokeshire
Q9429,10107/1131361,"St. Catherine's Island, near Tenby: Pembrokeshire"
Q9429,10107/1133818,Walls of Tenby from the N.W
Q9430,10107/1130756,Usk
Q1583,10107/1130830,"Gnoll Castle, Glamorganshire"
Q1583,10107/1133179,Singleton
Q1583,10107/1132732,"Caswell bay, near Swansea"
Q1583,10107/1129246,View of Swansea
Q1583,10107/4785910,Swansea
Q1583,10107/1132016,"The Bristol company copper works, near Swansea"
Q1583,10107/1130890,Swansea castle and harbour
Q8920,10107/1131167,"Laugharne Castle, Caermarthenshire"
Q8930,10107/1131791,A view of Beaumaris: from Barow hill grounds
Q8930,10107/1133516,"Beaumaris, from Baron Hill"
Q8930,10107/1132986,"Beaumaris Castle, Anglesea"
Q8930,10107/1133519,Beavmaris i.e Beaumaris
Q8930,10107/1132522,Baron Hill
Q8930,10107/1129327,"Beaumaris Castle, Anglesea"
Q8934,10107/1133180,"Neath castle, Glamorganshire"
Q8934,10107/1132433,"The crypt, Neath Abbey, Glamorganshire"
Q8934,10107/1129827,"Remains of the abbey church, Neath, Glamorganshire"
Q8934,10107/1132733,"Neath Abbey, Glamorganshire"
Q8934,10107/1132100,"Neath Abbey, Glamorganshire"
Q8950,10107/1133965,Castle Carreg Cenen
Q8950,10107/1131418,Dinevor Castle
Q8950,10107/1131983,Caer Kennan Castle
Q9006,10107/1294747,New Radnor from Castle Hill
Q8983,10107/4641729,"General View, Crumlin"
Q20424,10107/1128953,"Snowdon, From Llanberris"
Q16668,10107/1129802,"Oystermouth castle, Glamorganshire"
Q19402,10107/1129859,"Abergavenny, Monmouthshire"
Q8616,10107/1131795,"Aberystwith, S. Wales"
Q8616,10107/1131036,Welsh coast near Aberystwith
Q8616,10107/1132762,Aberystwith Harbour
Q8616,10107/1132159,Ruins of Aberystwith Castle from the N.W
Q8616,10107/1129985,"Aberystwyth, from Craiglais"
Q8616,10107/1131984,Aberystwith castle & church
Q8618,10107/1132007,Great fall of the Fynach
Q8620,10107/1130844,"South Stack Lighthouse, Holyhead"
Q57851,10107/4672525,Lady Jane Grey
Q58044,10107/4672694,Right Revd. Dr. Thos. Sherlock
Q59310,10107/4674099,Twm o'r Nant
Q59310,10107/4670967,The Cambrian Shakespeare
Q61535,10107/4671150,"Daniel Rowlands, Llangeitho"
Q60170,10107/4671411,The Earl of Shaftesbury
Q59794,10107/4672799,T. St. David's
Q61348,10107/4674643,"Archbishop Williams, Lord Keeper"
Q58307,10107/4670849,Felicia Dorothea Hemans
Q58064,10107/4672318,John Frost
Q20424,10107/1132418,"Snowdon & Llyn Gwynant, from the Beddgelert road"
Q20424,10107/1131558,Snowdon from Nantlle Lakes
Q20424,10107/1133284,"Snowden, from Capel Curig"
Q20424,10107/1130923,Snowdon from Nantlle Lakes
Q20424,10107/1133290,"Snowdon, from Capel Curig"
Q32316,10107/1131702,View on the Menai
Q33278,10107/1129140,The Menai bridge
Q33278,10107/1133632,Pride. The Schooner Yacht Wyvern R.Y.S. 205 tons
Q33278,10107/1129451,The Britannia tubular and Menai suspension bridges
Q33278,10107/1129558,The Menia sic. bridge
Q33278,10107/1133947,Menai Bridge
Q49998,10107/4641723,"University College, Cardiff"
Q103656,10107/5008037,W. & A. K. Johnston's war map of Palestine
Q1449,10107/1129146,"View of St. John the baptist church, 1852"
Q17039,10107/1130136,"Pont Cyssylltau aqueduct, Denbighshire"
Q16681,10107/1130185,"Port Madoc, Carnarvonshire"
Q16691,10107/1132798,"Pembroke castle, Wales"
Q16691,10107/1133933,"Gate of Pembroke castle, Pembrokeshire"
Q16691,10107/1130062,Pembroke Castle
Q16691,10107/1133208,Pembroke Castle: s. Wales
Q16691,10107/1130824,Circular keep from the S. W. Pembroke Castle
Q16691,10107/1129158,"Pembroke Castle, in Wales"
Q16691,10107/1129105,"Gate of Pembroke castle, Pembrokeshire"
Q32363,10107/1130317,Llandudno: from the Great Orme's Head
Q32363,10107/1129543,Llandudno from the baths
Q32363,10107/1129064,Llandudno: from the hill behind the baths
Q36737,10107/1133408,"Cader Idris, Merionethshire: Height 2914 Feet"
Q8722,10107/1132018,Brecknock
Q8722,10107/1133230,"Bridge, castle, &c: at Brecknock-south Wales"
Q8722,10107/1131619,"The Priory Church, Brecon from the Tarall"
Q8722,10107/1132180,"Brecknock Castle, in Brecknockshire"
Q8648,10107/1129938,"Llangollen, Denbighshire"
Q8648,10107/1131218,View of Llangollen vale from Nant y Bellan
Q9437,10107/1133698,"Upper & Lower Town of Fishguard, Pembrokeshire"
Q9440,10107/1130190,"Landaff castle, Glamorgonshire"
Q9440,10107/1132148,Landaff cathedral: Chapter House ; S. entrance
Q9440,10107/1130291,"Llandaff cathedral, Glamorganshire"
Q9440,10107/1132400,"West front, Landaff cathedral"
Q9444,10107/1130498,"Ruins of Montgomery Castle, from the Severn"
Q9451,10107/1129550,"Bridge over the Dee, Corwen"
Q9451,10107/1133841,Corwen
Q8648,10107/1129535,Llangollen Bridge: Denbighshire
Q8648,10107/1130167,Plasnewydd
Q8648,10107/1131888,Langollen
Q8648,10107/1132364,Llangollen
Q8726,10107/1131376,Caerphilly castle
Q8726,10107/4641417,"Cardiff Road, Caerphilly"
Q8726,10107/4641152,Higher Schools Caerphilly
Q16668,10107/1132819,Oystermouth castle & harbour
Q18384,10107/1131509,"Old Radnor, Radnorshire"
Q18384,10107/1293539,Ancient font Old Radnor church
Q16691,10107/1133050,Pembroke Castle
Q16691,10107/1129085,Pembroke castle
Q8665,10107/1132929,Harlech Castle
Q8665,10107/1130554,Harlech Castle
Q8665,10107/1132952,"Harlick Castle, N.W"
Q8665,10107/1129910,Harlech Castle
Q8711,10107/4641662,"Jersey Beach Hotel, Port Talbot"
Q8717,10107/1128761,"Denbigh castle, Denbighshire"
Q8717,10107/1130603,Denbigh
Q8717,10107/1133737,"Denbigh Castle, Denbighshire"
Q8726,10107/4641725,"Piccadilly Square, Caerphilly"
Q8651,10107/4641181,Caerleon Bridge
Q8651,10107/1130547,Old Tower at Caerleon
Q8663,10107/1293634,"Swans on the lake, Llandrindod Wells"
Q8663,10107/1294417,Temple St. Llandrindod Wells
Q8663,10107/1293741,Golf links - Llandrindod Wells
Q8663,10107/1294944,Pavilion from bowling green Llandrindod Wells
Q8663,10107/1294441,Llandrindod Wells Rock Park Pump Rooms
Q8665,10107/1133676,"Harlech Castle, Merionethshire, North Wales"
Q20549,10107/4641537,"The Recreation Ground, Abertillery, 1905"
Q20549,10107/4641689,"Church Street, Abertillery"
Q20549,10107/4641690,"Alma Street, Abertillery"
Q20549,10107/4641668,"Commercial Street, Abertillery"
Q20549,10107/4641685,"Somerset Street, Abertillery"
Q20549,10107/4641288,"Abertillery, Areal Mountain"
Q21067,10107/1130894,Valle Crucis Abbey
Q62599,10107/5348976,Ben Bowen a Dyfnallt
Q63380,10107/4670557,"Er cof am y diweddar Barch. J. Phillips, Bangor"
Q61336,10107/4671284,Henry Austin Bruce
Q60089,10107/4670234,Mrs Opie
Q62322,10107/4670945,Sir Leoline Jenkins
Q63336,10107/4674372,Thomas Edward Ellis
Q64340,10107/4672778,W. Ambrose
Q64792,10107/4673563,"Griffith Williams, neu Gutyn Peris, bardd"
Q60197,10107/5236522,John Hugh Edwards
Q9376,10107/1129775,"Penline castle, Glamorganshire"
Q9432,10107/1132690,Beddgelert
Q9432,10107/1133890,At Bethgelert
Q9432,10107/1130363,Beddgelert Bridge
Q9432,10107/1133461,View looking towards the Pass of Bedgellart
Q9432,10107/1131735,"Gellert's Grave, Beddgelert"
Q9435,10107/1129502,Scene at Penkerrig
Q9436,10107/1133652,Pont y Pridd
Q9436,10107/1132429,Pont y Pridd
Q9436,10107/4641591,"Bern Road looking North, Pontypridd"
Q57961,10107/4672139,Duke of Wellington
Q57961,10107/5236461,The Duke of Wellington
Q60366,10107/4672544,Gwenynen Gwent
Q59827,10107/4671880,"Henry Richard, M.P. for Merthyr Tydfil"
Q60793,10107/4672837,"Richard Davies, YSW., A.S"
Q63679,10107/4672944,"Thomas Jones, Albany Chapel, London"
Q65211,10107/4670539,Tal o Eifion
Q30468,10107/1130649,"Pulpit Hugh Llwyd Cynfael, Merionethshire"
Q36080,10107/1129060,Vale of Ffestiniog
Q35427,10107/1133427,Landogo
Q21067,10107/1130812,"Valle Crucis Abbey, Denbighshire"
Q21067,10107/1129230,"This View of Abbey Crusis, north Wales"
Q21067,10107/1130489,"Valle-Crucis abbey, near Llangollen, Denbighshire"
Q19155,10107/4641601,View of Risca
Q19255,10107/4641585,"New schools, Porth, Rhondda Valley"
Q8718,10107/1131278,"The Torrent Walk, Dolgelly"
Q8718,10107/1132864,"Mill near Dolgelle, North Wales"
Q8718,10107/1133964,"Owen Glendwrs Parliament House, Dolgelly"
Q8720,10107/1131186,"The New Market Hall At Mold, Flintshire"
Q8741,10107/1131188,Milford Haven: with the Leviathan in the distance
Q9452,10107/4641409,"Cowbridge Road East End, Cowbridge."
Q9452,10107/1130360,"Y Bontfaen, hanes Morganwg"
Q9452,10107/4641582,"The Crossways, Cowbridge"
Q9459,10107/4785894,"Church Road, Whitchurch"
Q9501,10107/1131342,Pillar of Eliseg
Q9502,10107/1133283,"Rhaiadr Du, near Tan y Bwlch"
Q57609,10107/4674252,Sir Walter Scott
Q57597,10107/4673361,M. G. Lewis
Q57617,10107/4671799,Sir Thomas Picton
Q57617,10107/4672363,Genl. Picton
Q57617,10107/4671801,Lieut. Genl. Picton
Q57630,10107/4673743,Prince James Francis Edward Stuart
Q57657,10107/4674610,Alfred Tennyson
Q57682,10107/4674017,John Wesley
Q57682,10107/4674016,John Wesley
Q57558,10107/4672962,Poems by John Milton
Q105356,10107/4671353,Sir Robert Kerr or Carr
Q105418,10107/4673867,J. W. Wallack as Gloster
Q105438,10107/4673749,"Sir John Jones Jenkins, Kt"
Q105399,10107/4673609,"Revd. T. Q. Stowe (late of Halstead, Essex)"
Q105440,10107/4671588,William Lawrence Esqr. F.R.S
Q105129,10107/4672214,Sir John Aubrey Bart
Q105170,10107/4673163,G. Pritchard
Q105198,10107/4671571,Thomas Killigrew
Q105216,10107/4670376,George Henry Lewes
Q105238,10107/4674404,"William-Charles Keppel, Earl of Albemarle"
Q19461,10107/1132711,Bangor
Q21200,10107/1129490,"Basingwerk Monastery, Flintshire, north-Wales"
Q21200,10107/1129203,"Basingwerk Monastery, in Flintshire"
Q59878,10107/4670825,B. Hall
Q63271,10107/5294006,George Eyre Evans
Q65673,10107/4674682,William Edwards
Q59329,10107/4670648,Wm. Edwards
Q61728,10107/4672692,David Samwell
Q61665,10107/4674356,Roger Edwards
Q62716,10107/4672942,Thes. Jones
Q48032,10107/5003771,Map of the country around Vladivostok
Q36306,10107/4641755,Caerleon Church
Q64039,10107/4671020,"Parch. Edward Davies, 'Derfel Gadarn'"
Q60826,10107/4670315,John Jones of Talysarn
Q61057,10107/4671023,"Revd. John Elias, Llanfechell, Anglesea"
Q61057,10107/4670656,John Elias
Q61057,10107/4670649,John Elias
Q67302,10107/4674157,Revd. David Jones
Q70566,10107/4671613,"David Livingstone, Esqre. LL.D"
Q61519,10107/4670652,Christmas Evans
Q61519,10107/5236526,"Revd. Christmas Evans, aged 70, (1835)"
Q105247,10107/4670894,George Hibbert
Q105263,10107/4674655,"William Hyde Woollaston, M.D. F.R.S"
Q105786,10107/5254848,La Salma di S. E. II Cardinale Gasquet
Q105810,10107/4674022,G. W. Williams
Q105852,10107/4673753,"John, the Good, King of France"
Q105894,10107/5227651,J. J. Thomson
Q105924,10107/5236504,H. M. de Koningin
Q105667,10107/4702863,Sir Nicholas Williams
Q105589,10107/4674755,Conferenzrath H. C. Schumacher
Q105755,10107/4673590,"Revd. Thomas Lewis, Islington"
Q62727,10107/5349053,"Parch. T. Charles Edwards, M.A., Lerpwl (1866)"
Q64413,10107/4671829,Dr. William Price
Q62469,10107/4674315,Charles Bradlaugh
Q64095,10107/4672949,Sir Watkin Lewes
Q63642,10107/4672939,"Peter Jones, Bard, Llynlleifiad"
Q58681,10107/4670792,Charles Grey
Q69991,10107/4670607,"Charles Dickens, Esq"
Q62420,10107/4672199,Sir William Williams Bart
Q63984,10107/4673861,John Thomas
Q67343,10107/4702941,Robert ap Gwilym Ddu
Q59272,10107/4671992,"Henry Somerset, 7th Duke of Beaufort"
Q57797,10107/4669677,Geo. Canning
Q70088,10107/5254816,George Bernard Shaw
Q58101,10107/4671954,"James Scott, Duke of Monmouth"
Q57929,10107/4673729,John Flamsteed
Q70166,10107/4674789,Henry VIII
Q58156,10107/4672043,Jeremy Taylor
Q59829,10107/4672911,John Howard Esqr
Q104754,10107/4671952,"George Savile, Marquis of Halifax"
Q104761,10107/4672516,"Thomas Graham, Baron Lynedoch, G.C.B.-K.T.S"
Q104946,10107/4671157,Gilbert Nicholas Smith
Q104979,10107/4672688,Charles Runnington Esqr
Q104997,10107/4673293,"James Ferguson, F.R.S"
Q105028,10107/4671806,Pope Pius IX
Q105051,10107/4670444,"Mr. Plimsoll, M.P"
Q105072,10107/4671268,William Black
Q105100,10107/4673812,Commodore Payne
Q105316,10107/4672884,Mrs. Goddall as Sir Harry Wildair
Q71921,10107/5236535,Henrik Ibsen
Q70043,10107/4669705,Printed portrait of Captain James Cook
Q57808,10107/4672095,J. M. W. Turner
Q57723,10107/4671383,John Duke of Malborough
Q60809,10107/4670812,Sir J. John Guest Bart. M.P
Q61507,10107/4671581,The Right Honble. Earl of Durham
Q70536,10107/4674082,"Sir Kenelm Digby, OB 1665"
Q58195,10107/4672582,Matthew Henry
Q57510,10107/5227665,Samuel Pepys
Q57556,10107/4672764,"David Griffith, Clwydfardd"
Q57493,10107/4674576,"Sir Joshua Reynolds, Knight"
Q58424,10107/4671161,C. H. Spurgeon
Q58451,10107/4670241,John Owen. D.D
Q58467,10107/5236477,"Ellis Humphrey Evans, 'Hedd Wyn'"
Q58395,10107/4670778,"Gabriel Goodman, D. D"
Q59989,10107/4671633,Mr. Christophorus Love
Q59005,10107/4674446,Villiers Duke of Buckingham
Q59041,10107/4670744,"John Gibson, Rome"
Q67008,10107/4671491,Joseph Thomas
Q58341,10107/4670904,"Ralph, Lord Hopton"
Q65130,10107/4670489,Rhys Arthur Rhys
Q61655,10107/4671586,Colonel Rowland Laugharne
Q62389,10107/4671215,Penry Williams
Q63758,10107/4669919,"Revd. Peter Roberts, M.A"
Q61530,10107/4669800,"R. Hawker D.D., Vicar of Charles of Plymouth"
Q63348,10107/4671546,"Thomas Jones, 'Glan Alun'"
Q63992,10107/4671493,Owen Thomas
Q63992,10107/4672071,Parch. Owen Thomas
Q64751,10107/5236506,Iolo Morgannwg (Edward Williams)
Q64902,10107/4671761,Thomas Pennant Esq
Q65331,10107/4673061,Daniel Davies
Q66511,10107/5349032,John Bodfan Anwyl
Q62071,10107/5236530,Effigy of Silv : Giraldus Cambrensis
Q57710,10107/4674774,Robert Owen
Q59056,10107/4670405,"The Right Hon A J Mundella, M.P"
Q58576,10107/4672586,Lord Herbert of Cherbury
Q59405,10107/4672455,William Cooper
Q59406,10107/4670738,The Slave Trade'
Q59489,10107/4674151,"Revd. Henry Jessey, M.A"
Q105768,10107/5449723,Dr. Henry T. Hodkin
Q105780,10107/4673797,Georgius Major Theol Wetebeg
Q104808,10107/4672784,John Aubrey Esqr
Q104854,10107/4670543,Dr. James P. Joule
Q104871,10107/4674086,Lord Carnarvon
Q104905,10107/4671311,Eleanor Bufton
Q104810,10107/4671238,Alfred
Q61630,10107/4670439,Joseph Parry
Q58045,10107/4671545,Michael D. Jones
Q61419,10107/4674719,"Parch. William Williams, Pant-y-Celyn"
Q61603,10107/4673943,"Robert Ellis, 'Cynddelw'"
Q62540,10107/4673053,Sion Cent
Q62247,10107/4674679,"Edward Copleston, D.D"
Q63145,10107/5254823,"Henry Taylor, F.S.A."
Q59852,10107/5236538,Henry Jones
Q58328,10107/4671056,Peter Pindar
Q60431,10107/4673423,"John Jefferies Pratt, Marquis Camden K.G"
Q57731,10107/4671505,Sir J. Banks
Q69852,10107/4674752,Memoirs of the Reign of Lewis XVI
Q58385,10107/4673187,John Lord Cardiff
Q70127,10107/4669716,Oliver Cromwell
Q70127,10107/4672828,"Oliver Cromwell, Lord protector"
Q69923,10107/4671100,Napoleon I
Q62941,10107/4670611,L. W. Dillwyn Esqr. M.P
Q57694,10107/4673699,"Edward, Duke of Kent"
Q57729,10107/4674722,Percy B. Shelley
Q57744,10107/4673662,Robert Burns
Q61413,10107/4672130,"Richard Watson, D.D. Lord Bishop of Landaff"
Q69463,10107/4674581,Richard Richards
Q69870,10107/4671333,"George Gordon Noel Byron, 6th Baron Byron"
Q60298,10107/4672843,"Robert Devereux, Earle of Essex"
Q62951,10107/4673261,Devereux
Q62851,10107/4703011,Sir Watkin Williams - Wynn (1692 - 1749)
Q62859,10107/4671467,"Sir Watkin Williams Wynn, 6th Bart. of Wynnstay"
Q59351,10107/4670484,Abraham Rees
Q58810,10107/4674533,"Mr.Osborne Morgan, M.P"
Q70106,10107/5449752,Lincoln about 54 years of age
Q57967,10107/5349074,Augustus John
Q60568,10107/4670912,James Howell Esq
Q62034,10107/4674528,"Sir Samuel Rush Meyrick, K. H., L.L.D. & F.S.A"
Q62720,10107/4702938,"Thomas Charles, Bala"
Q62720,10107/4673928,"diweddar Barch. Thomas Charles, M.A., Bala"
Q64327,10107/4673135,"Thomas Jones, of Serior, Denbighshire"
Q36345,10107/1131906,"Carew Castle, Pembrokeshire"
Q36362,10107/4702674,Conway Castle
Q60952,10107/4672310,"The Rt. Honble. Thos. Grenville M.P., 1805"
Q61330,10107/4672574,"Right Revd. Reg. Heber, D.D"
Q58753,10107/4673012,Samuel Richardson
Q58274,10107/4674030,Richard Baxter
Q57771,10107/4671768,Sir Robert Peel
Q59238,10107/4672645,Thomas Moore
Q59624,10107/4672946,"William Laud, Archbishop"
Q57850,10107/4672757,"Right Hon W. E. Gladstone, his latest portrait"
Q58121,10107/4672009,"The Right Honourable Lord Stanley, M.P"
Q62184,10107/4672026,"Y Parch: Edward Stephen, Tanymarian"
Q63341,10107/4670568,"burial place of John Jones, 'Talhaiarn'"
Q65764,10107/4670429,W. Owen Prysgol
Q57995,10107/4669742,Edward Gibbon Esqr
Q61492,10107/4673426,"J. Price, B.D., F.S.A"
Q62041,10107/4671457,"Rev. Samuel Roberts, 'S.R.'"
Q58051,10107/5349081,"Mr. David Davies, Llandinam"
Q70056,10107/4670638,Great guns of Oxford
Q105498,10107/4673646,Thoms. Britton
Q105576,10107/4670272,T. Rowley Hill
Q61157,10107/4671753,John Orlando Parry
Q61697,10107/5349072,Mr. David Jenkins Mus. Bac adjudicator on music
Q62252,10107/5292062,Edward Anwyl
Q63383,10107/5449721,"Richard Griffith, 'Carneddog'"
Q65311,10107/5349003,"Y Parch. R. Jones, (Trebor Aled), Llansannan"
Q67181,10107/4671168,George Stephens & family
Q60813,10107/5292171,John Humphreys Davies
Q60277,10107/4669797,Selina Countefs of Huntindon
Q60602,10107/4673804,"Thomas Martyn, B.D., F.R. & L.S.S"
Q64981,10107/4671120,"Robert Roberts, Y Sgolor Mawr"
Q65175,10107/4674307,Thomas Aubrey
Q65819,10107/4673419,Thomas Phillips
Q67650,10107/4671565,"Y Parch. W. B. Joseph (Y Myfyr), Colwyn Bay"
Q60638,10107/4672875,"Thomas Fuller, S.T.D"
Q60813,10107/5292169,John Humphreys Davies
Q63343,10107/5292079,Thomas Iorwerth Ellis
Q57745,10107/4674416,"Van Dyck : Carl 1., Konig Von England"
Q61705,10107/4674449,D. Charles Davies
Q62742,10107/4673062,David (Dewi Emlyn) Davies
Q64741,10107/4673755,"Arthur Jones, D.D. of Bangor"
Q68925,10107/4674264,"Mr. David Thomas, Eryri"
Q67382,10107/4670522,David Saunders
Q66180,10107/4673125,"David Jones, Holywell, Flintshire"
Q105763,10107/5236537,E. Harold Jones self-portrait
Q105803,10107/5349016,John Brown Myers
Q62504,10107/4672707,Thos. Telford
Q36341,10107/1132070,Bwlch y Groes
Q36345,10107/1132752,"Carew castle, Pembrokeshire"
Q64398,10107/4674731,"Y Parch. William Rees, D.D. (Gwilym Hiraethog)"
Q64398,10107/4674730,"Y Parch. William Rees, D.D. (Gwilym Hiraethog)"
Q65888,10107/4674390,"W. Evans, Tonyrefail"
Q65045,10107/4670518,William Thomas Samuel
Q61921,10107/4674027,William Williams o'r Wern
Q69560,10107/5236493,Z. Mather
Q105694,10107/4702859,Richard Roberts (1738-1799)
Q105723,10107/4673728,John Earl of Clare
Q105744,10107/4702477,Margaretta Jane Rice
Q105758,10107/4702595,Morgan Pryse Lloyd Esq
Q64966,10107/4673116,"Samuel Evans, Zoar, Merthyr Tydfil, South Wales"
Q17613,10107/4786053,Llangollen
Q62216,10107/5449773,"Mr. Sidney Robinson, M.P., for Breconshire"
Q70220,10107/4672825,Cranmer Arch-bishop of Canterbury
Q70296,10107/4672945,Walter Savage Landor
Q69225,10107/4671960,Mr. William Shakespeare
Q61383,10107/4670892,William Herbert
Q70010,10107/4674795,Her Gracious Majesty Queen Victoria
Q60284,10107/4673684,"Philip Doddridge, D.D"
Q32346,10107/1133071,Porth yr Ogof: Breconshire
Q32384,10107/1133000,Rhaidr Fawr - Waterfall Near Aber
Q36064,10107/1132202,"Pylle Priory, Pembrokeshire"
Q61425,10107/4671687,"Lewis Morris, Yswain"
Q65020,10107/4674452,Samuel Morris Jones
Q62755,10107/4673714,Evan Evans (Ieuan Glan Geirionydd)
Q61760,10107/4671099,Joseph Harris
Q57919,10107/4655777,Portrait of Dr Richard Price
Q57791,10107/4670403,Mazzini
Q63031,10107/5292060,"Principal Roberts, M.A. (Oxon)"
Q65702,10107/4671914,"William Owen Pughe, L.L.D. F.A.S"
Q64253,10107/4670930,Master Hughes
Q58802,10107/4671478,Hugh Owen Thomas
Q66584,10107/4670396,Edward Matthews
Q62738,10107/4672474,"Benjamin Francis, Horsley, Gloucestershire"
Q63735,10107/4671774,"Revd. David Peter, Carmarthen"
Q61915,10107/4671543,Richard Robert Jones the wonderful linguist
Q65337,10107/4672055,Bishop Thirlwall
Q62919,10107/4670299,Parch. Evan Jones (Carnarfon)
Q66043,10107/4673008,"Ebenezer Richard, Tregaron. Cardiganshire"
Q62225,10107/4672064,Eben Fardd
Q62904,10107/4674791,"Revd. Francis Hiley, Llanwenarth"
Q65742,10107/4670009,"Revd. Ebenzr. Morris, late of Cardiganshire"
Q17627,10107/1131160,"Northop, Flintshire"
Q19969,10107/1130908,"Pulpit of Hugh Llwyd, Merionethshire"
Q8756,10107/1130750,Llanuchlyn Mill near Bala
Q62002,10107/4671469,Madame Edith Wynne
Q63578,10107/4670381,L. W. Lewis 'Llew Llwyfo'
Q69998,10107/4673277,Queen Elizabeth I
Q59016,10107/4673006,The Right Hon. Lord Dynevor
Q57942,10107/4670756,His Royal Highness George Prince of Wales
Q57930,10107/4672488,George II
Q58976,10107/4672124,Honourable George Venables Vernon
Q60872,10107/4671326,Sir Francis Burdett
Q70146,10107/4672400,Lord Bacon
Q9495,10107/1129650,Pyran Cascade entire
Q9495,10107/1133255,Fall of the Rhydol
Q9498,10107/1128820,Ancient British crosses at Court-y-Davydd
Q9498,10107/1130095,"Margam abbey, Glamorganshire"
Q20990,10107/1130155,"Llanvair Castle, Inner Bailey"
Q58374,10107/4671558,Sir William Jones
Q58374,10107/4671557,Sir William Jones
Q62697,10107/4674033,Bishop Beveridge
Q62486,10107/4671763,Dr. Pearce
Q80378,10107/4674624,ce Albert deer-stalking in the Highlands
Q80477,10107/4671255,Princess Beatrice on Donald 1865
Q80681,10107/4670735,Fredericus
Q105135,10107/4671206,"Rev. John Williams, Rhyl"
Q36512,10107/1131008,Llanblythian castle
Q36521,10107/1129159,"St. Winifred's Well, Flintshire"
Q36521,10107/1130048,"St. Winifred's Well, Flintshire, north Wales"
Q63390,10107/4670499,Ellis Wyn o Wyrfai'
Q63287,10107/4674109,"Griffith Ellis, M.A. (Bootle)"
Q59663,10107/4672288,Portrait of Henry Halford
Q64320,10107/4703043,Rev. John Davies
Q63388,10107/4671916,Rev. Henry Rees
Q63388,10107/4670471,Rev. Henry Rees
Q61199,10107/4670239,Sir John Owen Knt
Q63377,10107/4671749,"Revd. John Parry, Chester"
Q60572,10107/4674603,The Right Honble. James Earl of Derby
Q30205,10107/1130183,"Pont Aberglaslyn, near Beddgelert"
Q30205,10107/1130210,"Pont Abberglasslyn, n. Wales"
Q30205,10107/1129248,"Pont Abberglasslyn, n.Wales"
Q30205,10107/1131312,"Pont Aberglaslyn, Carnarvonshire"
Q36811,10107/4702919,Tretower
Q36811,10107/1130819,Tretwr: Brecknockshire
Q36811,10107/1132613,Tyrtior Castle
Q36864,10107/1132957,"Melincourt fall, vale of Neath, Glamorganshire"
Q36864,10107/1132196,Dyffryn Nedd
Q36864,10107/1129169,"Upper Clyngwyn, vale of Neath"
Q8779,10107/1130265,Ynysymaengwin
Q105151,10107/4673447,"Thomas Philip Weddell Robinson, Lord Grantham"
Q105159,10107/4673425,Charles Price
Q105196,10107/4670231,Revd. Henry Nott
Q64764,10107/5236451,Miniature portrait of General Fairfax
Q9461,10107/4641478,"Station Road, Llanishen"
Q15538,10107/1128896,Nant Mill Cascade
Q9445,10107/1130021,Rudland The Journey to Snowdon
Q9445,10107/1132959,"Rhudland Castle, Flintshire"
Q18611,10107/1129563,"Gateway at Corsygedol, Merionethshire"
Q66263,10107/5349076,"Ida John with her son, David"
Q57991,10107/4672903,Henry VI
Q61065,10107/4674122,"Revd. John Evans, Llwynffortun"
Q61065,10107/4670708,"Revd. John Evans, Cross-Inn, Carmarthenshire"
Q61524,10107/4702552,Ieuan Gwyllt
Q63755,10107/4670507,"John Roberts, 'J.R.'"
Q63538,10107/4672530,"John Griffith, Carnarvon"
Q66396,10107/5292112,John Gibson Editor of the 'Cambrian News'
Q64344,10107/4671204,Revd. Isaac Williams
Q32898,10107/1131316,Grounds near Downing
Q8753,10107/1133828,Manorbeer
Q8753,10107/1129369,"Mannorbeer Castle, Pembrokeshire"
Q8753,10107/1133687,Mannerbeer Castle. Flintshire
Q16402,10107/1130598,Llanblythian castle
Q26968,10107/4786001,View of The Rest in Porthcawl
Q61738,10107/4671222,Rowland Williams
Q66575,10107/4670536,Er cof am y Parch. Ed. Morgan Dyffryn
Q65597,10107/4674071,William Davies
Q104811,10107/4702977,Richard Gwynne Esq of Taliaris
Q104827,10107/4672630,"Joseph Hussey, ob. November 1726"
Q104864,10107/4672520,William Greenfield M. R. A. l
Q104898,10107/4671171,Dr. Talmage
Q104926,10107/4674092,Richard Earlom Esqr
Q104941,10107/4672522,Olinthus Gregory LLD &c &c &c
Q36411,10107/4641505,"The College, Llandaff"
Q36478,10107/4785991,"Newton Church, Porthcawl 1905"
Q36498,10107/4641272,"St Mary of the Angels Church, Cardiff"
Q9223,10107/1131504,"Erthig, Denbighshire"
Q9229,10107/1133788,Pen-Y-Coed Castle
Q83373,10107/4671428,Mr. Harding Cox
Q63874,10107/4672682,Rev. John Rees
Q36275,10107/1128812,"Roach Castle, Pembrokeshire"
Q9127,10107/1130408,Lamtermham Abbey
Q77161,10107/4786047,"Angel Hotel, Coleford, Forest of Dean"
Q8882,10107/1133186,"Fall of the Tivey at Penneth, Cardiganshire"
Q32911,10107/1132439,Dunraven house
Q70955,10107/4671907,Rev. Iltyd Nicholl
Q61355,10107/4674614,Dr. John Thomas
Q64478,10107/4672227,Rev. J. B. Blakeway
Q62312,10107/4673082,"Revd. Dr. Edwards, Bala"
Q62312,10107/4673961,Lewis Edwards
Q63667,10107/4670339,John Ogwen Jones
Q60973,10107/4671619,The Reverend John Lloyd Rector of Caerwis
Q58184,10107/4671712,Sir John Norris
Q62168,10107/4674514,Llewelyn Lewellin
Q93841,10107/4670642,A whip'
Q100203,10107/4673738,Mrs. Inchbald
Q104479,10107/4671511,Thomas Frognall Dibdin
Q104491,10107/4671706,The Right Honorable Henry Nevell
Q104518,10107/4672374,"Samuel Morton, Peto, Esq, M.P"
Q104524,10107/5236494,Statue of Mathew Theobald
Q104548,10107/4672443,Cuthbert Collingwood
Q104561,10107/4670783,The Most Noble Granville Leveson Gower
Q104580,10107/4672113,"William Warham, Archbishop of Canterbury"
Q103858,10107/1129551,Craig y Dinas
Q103883,10107/1129030,"Greenfield Hall, near Holywell, Flintshire"
Q103893,10107/1129555,Erbistock Church
Q64893,10107/4671717,"Revd. Edward Pryce Owen, M.A"
Q9002,10107/1131092,Lalleston village
Q21400,10107/1128832,"The Garth Hill, from Knucklas Gate"
Q32965,10107/1128808,Ewenny Priory
Q35739,10107/4641421,"Caerphilly Castle, Photograph"
Q103906,10107/1133589,Holywell Church
Q20898,10107/1133426,"View on the Rhiew, Montgomeryshire"
Q81850,10107/4673477,Margaret Countess of Richmond and Derby
Q83006,10107/4672608,"Philip Howard, Earl of Arundel and Surrey"
Q83507,10107/4674463,The Right Honble. Earl of Carnarvon
Q83706,10107/4669816,Countess of Pembroke and Earl of Pembroke
Q84478,10107/4669692,Princess Charlotte
Q85130,10107/4671932,John Etherington-Welch Rolls
Q86139,10107/4674497,Charles Kean Esqre
Q93935,10107/4672789,Anne Boleyn
Q16695,10107/1130347,Flint Castle
Q1677,10107/1130390,Bangor
Q16671,10107/1130364,Powys Castle
Q16671,10107/1130213,"Powis Castle, Montgomeryshire. General View"
Q16671,10107/1132259,"Powis Castle, Montgomeryshire. Pl.2"
Q104592,10107/4673094,"E. Jenner, M.D., F.R.S. &c"
Q104515,10107/4671652,Mary Sophia Amelia (late Queen of Naples)
Q102116,10107/4671421,Maria Cosway
Q104630,10107/4672048,Sr. William Temple
Q104645,10107/4672300,An anatomical demonstrator
Q104669,10107/4671442,Isabella Czartoryska
Q104704,10107/4672663,Thomas Parr
Q104718,10107/4672570,"Admiral Edward Lord Hawke, K.B"
Q104732,10107/4672393,right Revd. Dr. Francis Atterbury
Q104737,10107/4672216,Charles Babbage Esqr
Q105429,10107/4671635,"Captain G. F. Lyon, R.N. in his Tripoline Costume"
Q105453,10107/4674232,"Revd. Andrew Reed, London"
Q105469,10107/4674278,T. A. Walker
Q105488,10107/4673625,"N. S. S. Beman, D.D"
Q105539,10107/4702744,Bevis Thelwall
Q83678,10107/4674129,"William Fielding, Earl of Denbigh"
Q35541,10107/1129922,Llansanffraid Church
Q8833,10107/1133399,"Vale of Ffestiniog, Merionethshire"
Q8833,10107/1132296,"The Vale of Festiniog, north Wales"
Q8834,10107/1132106,Dolwyddelan Castle
Q8721,10107/4702914,Swallow Falls
Q8721,10107/1131389,"Falls Of The Ogwen, Nant Frangon"
Q105267,10107/4672452,"Captain Coram, projector of the foundling hofpital"
Q105297,10107/4673431,Revd. Jas. Read
Q105313,10107/4702768,Edward Lewis Pryse of Peithyll
Q105330,10107/4671253,Sir William Beauchamp
Q105357,10107/4671039,"Revd. Ralph Wardlaw, D.D., Glasgow"
Q105833,10107/5449760,Felix J. C. Pole
Q105884,10107/5254795,Rev. James MacGregor D.D
Q35984,10107/4786029,Penarth Pier
Q33195,10107/1295106,New Radnor church
Q35920,10107/4641324,Pandy Clock
Q8977,10107/1132459,"Llanstephan Castle, Caermarthenshire"
Q8977,10107/1132657,Lanstephan Castle: Caermarthenshire
Q99406,10107/5008520,The allies' gains on the western front 1914-1917
Q37109,10107/4641407,"Howe Mill St Mary, Cowbridge"
Q33263,10107/1129190,Pistill Rhaiadr: a great cataract in north Wales
Q9456,10107/1131037,"Meleni.e. Melin Y Nant, Near Snowdon"
Q35688,10107/1293842,Maesyronen chapel
Q17024,10107/4641400,View of the Newport Transporter Bridge
Q17510,10107/1130884,"Chwarel Cae-Braich-Y-Cafn, Ger Bethesda"
Q17565,10107/4641196,Whitmore Bay; Barry Island
Q80927,10107/5292116,S. Gwynnog
Q63999,10107/4670920,Rev. John Hughes
Q60721,10107/4671782,E. Owen Phillips
Q8961,10107/1128873,Porthaethfy Ferry
Q19121,10107/1133747,Kilgarran castle
Q19121,10107/1132877,Kilgarren Castle
Q19121,10107/1133800,"Kilgarren Castle, Pembroke, south Wales"
Q103835,10107/4641600,"Inglewood, Upper Redbrook"
Q58937,10107/4670804,George Griffith D.D
Q38424,10107/1129119,Entrance to the tubular bridge
Q9246,10107/1293977,Llangunllo church
Q36710,10107/1129445,"Tan y Beolch, n. Wales"
Q15548,10107/1129391,Source of the Laugher
Q9534,10107/1130037,"Penrice castle, & Oxwich point, Gower"
Q104129,10107/4785995,"The Lighthouse, Porthcawl"
Q104157,10107/4641705,"Ye Old Speech House, Forest of Dean"
Q104187,10107/4786107,Obelisk St. Georges Fields
Q104203,10107/4641608,Gray's Colliery Abertillery
Q83417,10107/4674594,"Edward Somerset, Earl of Worcester"
Q8936,10107/1133920,"Rhyl, North Wales"
Q35872,10107/1131004,Ruins of Striguel Castle
Q104128,10107/4785992,"Rest Bay, Porthcawl"
Q8809,10107/1131889,"Llantrissaint, Glamorganshire"
Q8958,10107/1129814,Penmanmawr
Q36710,10107/1129232,Tan-y-blwch i.e. Tan-y-bwlch
Q69545,10107/5449735,"David Charles Davies at Palm Beach, Florida, 1908"
Q19146,10107/1133602,"Nant Francon, Caernarvonshire"
Q103796,10107/5003796,Central Europe Map
Q9550,10107/1293694,"Inside the Drover's Arms Hotel, Builth Wells"
Q105550,10107/4673216,Mr. Thos. Blanshard
Q105561,10107/4673450,"William Roby, Manchester"
Q105575,10107/4670302,Evan Rowland Jones
Q105588,10107/4674339,"John Charles, Gwalchmai"
Q105634,10107/4673546,Miss Kelly
Q105652,10107/4702946,Rev. Richard Davies
Q85224,10107/4670345,John Thomas Alun Jones
Q68503,10107/5292083,George Stephen Evans
Q8744,10107/1132247,The walk round the Great Ormes Head
Q21977,10107/4702804,"Bishop's Palace,Bangor"
Q103802,10107/1131289,"Vale of the Rheidol, Devils Bridge"
Q86308,10107/4673886,Revd. Saml. Wesley
Q104966,10107/4671389,John Clarke Esqr. M.D
Q105004,10107/4673374,William Lucy
Q105035,10107/4673240,"Revd. H. F. Burder, D.D., Hackney"
Q105079,10107/4670629,Henry Earle
Q20878,10107/1132681,"The cromlech at Trefigneth, Anglesea"
Q32699,10107/1131652,"Coity castle, Glamorganshire"
Q77353,10107/4641623,Bournemouth
Q68416,10107/4703045,Rev. John Roberts
Q66115,10107/4671115,D. Rhys Stephen
Q9031,10107/1130718,"Waterfall, Devil's Bridge"
Q9031,10107/1130878,"Devils Bridge, Cardiganshire"
Q8744,10107/1131140,"Independent chapel, Llandudno"
Q104455,10107/4672821,Richard Cope L.L.D. Penryn Cornwall
Q104469,10107/4669712,"Samuel Hanson Cox, D.D"
Q104494,10107/4671701,The Tory bloodhound'
Q104525,10107/4670224,Mr. Robert Newton
Q19264,10107/4786010,"The Infirmary, Cardiff"
Q104095,10107/4641449,Church at Cefn Mably
Q104115,10107/1294791,A grave in St Cannen's church cemetry
Q30783,10107/4702724,Aberglaslyn
Q32667,10107/4641352,"Clytha Park, Newport"
Q9372,10107/1294425,"Interior of St David's church, Glascombe"
Q9144,10107/4641234,"Darren Lake Cricket Field, Ferndale, Rhondda"
Q30541,10107/1131585,Dinas Emris
Q26589,10107/4641262,"St Albans Church, Cardiff"
Q17895,10107/4641531,"Screen St Peters Church, Cardiff"
Q32468,10107/1132862,Rhaidr Y Wenol - Falls Of The Swallow
Q104042,10107/1294113,Clungunford church
Q104052,10107/1294030,Hopesay church
Q104059,10107/4702525,Pont y Gyfyng
Q104065,10107/4786046,Roath Park & Houses
Q104072,10107/4641734,"The Old Oak, Bathurst Park, Lydney"
Q104078,10107/4641517,Penarth Dock looking down
Q41330,10107/4641540,"Wesleyan Church, Abertillery"
Q61630,10107/1125167,"Dr Joseph Parry (Pencerdd America, 1841-1903)"
Q65090,10107/1124782,Dr William Thelwall Thomas (1865-1927)
Q63984,10107/1123882,"Revd Dr John Thomas, Liverpool (1821-92) (1882)"
Q9473,10107/1127318,A view of Ysbyty Ifan from the school
Q8989,10107/1127052,A view of St Dogmaels from the sand pit
Q9441,10107/1124349,"The High Street, Penrhyndeudraeth"
Q30167,10107/1125147,"Eriviat Hall, Henllan (Dinb)"
Q104018,10107/1293557,Group of people with a golf trophy
Q104018,10107/1295094,Two men with golf clubs and the Builth Golf Cup
Q104025,10107/1293468,"Church, Leintwardine"
Q104026,10107/1293651,Clun church tower restored 1915
Q104028,10107/1293795,a view of Boughrood Court
Q104034,10107/1294961,"Griffin Inn, Llyswen, Brecon"
Q19400,10107/1294951,Teme river
Q15137,10107/1127377,"Peniarth, Llanegryn"
Q8792,10107/1125154,"Pennant's shop, Llanbryn-mair"
Q18914,10107/1127630,"Plas Corsygedol, Llanddwywe-is-y-graig"
Q36079,10107/1126011,"Plas Newydd, Llangollen"
Q8834,10107/1123948,"Pont Gethin, Dolwyddelan"
Q82280,10107/4702892,Pryse Loveden 1815-1855 (copy)
Q104538,10107/4672115,Francis Walsh Junr
Q104564,10107/4669982,Robert Vaughan
Q104620,10107/4672910,"Willm. Hopkins, Christchurch Harts"
Q104659,10107/4670200,J. W. Massie
Q103975,10107/1130353,Tremadoc North Wales
Q103999,10107/1294613,"Maesllwch Castle, Glasbury"
Q104017,10107/1294049,"Cambrian Woollen Mill,  Llanwrtyd"
Q84255,10107/4702994,Rev Robert Thomas (Hanover) 1809-84
Q65119,10107/4669727,"David Davies, Swansea"
Q65090,10107/1123367,William Thelwall Thomas (1865-1927) when a child
Q63303,10107/1126392,Revd Griffith Parry (1827-1901)
Q31832,10107/1125153,Porth Llechog (Bull Bay)
Q9028,10107/1125961,"Old women, Llangeitho"
Q8672,10107/1124422,Llanrhaeadr-ym-Mochnant horse fair
Q8611,10107/1127628,"The high street, Y Bala"
Q9394,10107/1126346,"The dam, Llanwddyn"
Q35419,10107/1127390,"The life boat, Llanddulas (Dinb)"
Q9472,10107/1123918,"The old bridge, Llansannan"
Q8668,10107/1125880,Llanbedrog
Q32159,10107/4641148,"Christchurch Church, Caerleon"
Q8963,10107/1127392,Llanidloes fair (1881)
Q8833,10107/1127134,Ffestiniog
Q36006,10107/1124295,Penmachno
Q8833,10107/1123620,"W Hughes, Ffestiniog carrier"
Q35419,10107/1127179,"W Evans' boat, Llanddulas (Dinb)"
Q8798,10107/1127368,A view of Betws-yn-Rhos from W.C. field
Q9525,10107/1123324,A view of Nantglyn from above the school
Q9005,10107/1125244,A view of Llansawel from the hill
Q104018,10107/1294277,"Lady holding a cup, Builth Wells Golf Club"
Q104018,10107/1293725,"Group of people, Builth Wells Golf Club"
Q8918,10107/4641138,Brynmawr Carnegie Public Library
Q50796,10107/4669583,Oswestry town plan
Q30645,10107/1293547,Pennard castle
Q15137,10107/1126624,"Peniarth Hall, Llanegryn"
Q78341,10107/1126087,Baschurch (Salop) in the snow
Q8976,10107/1124367,"Bryn-gwyn old meeting house, Abergele (1897)"
Q9453,10107/1124258,"Boat and cottage, Aberdaron"
Q9394,10107/1127409,"Building the dam, Llanwddyn"
Q8773,10107/1123998,"Mr John Ashton and his family and workers, Carno"
Q8781,10107/1126974,Castellnewydd Emlyn
Q9364,10107/1125603,Cellan
Q19121,10107/1125126,Cilgerran Castle
Q9334,10107/1127242,Llanboidy
Q9457,10107/1123897,"Llanfair Caereinion, showing the Bon Marche shop"
Q58045,10107/1124292,Revd Michael D Jones (1822-98)
Q63631,10107/1123405,"Owen Williams (Owain Gwyrfai, 1790-1874)"
Q63078,10107/1124554,Myrddin Fardd
Q65310,10107/1124318,"Revd William James, Aberdar (1848-1907) (U)"
Q65107,10107/1123591,"Revd. Richard Parry (Gwalchmai, 1803-97)"
Q58649,10107/1451493,Geoff Charles road tests the Fiat 1100
Q66466,10107/1473167,"Leon Atkins, the rebel priest of Swansea"
Q8674,10107/1125844,A view of Pwllheli and the bay from Cam y Gwrda
Q8611,10107/1454902,"Jacinta Restaurant, Y Bala"
Q134814,10107/1455167,"Kraft Table Tennis team, Whittington"
Q8670,10107/1455152,Horse show and sale at Newtown Smithfield
Q70099,10107/1559160,Prince Charles' investiture
Q63383,10107/1479319,Carneddog and his wife before leaving Carneddi
Q63584,10107/4672070,"Parch. Joshua Thomas, Llanllieni, Swydd Henffordd"
Q58424,10107/1123979,Revd C H Spurgeon (copy)
Q61658,10107/1123326,"Revd Rowland Williams (Hwfa Mon, 1823-1905)"
Q65128,10107/1127386,"John Prydderch Williams (Rhydderch o Fon, 1830-68)"
Q50796,10107/1470376,Oswestry Sheepdog Trials
Q9200,10107/1470746,Ffair y Nant' in Nantperis
Q50796,10107/1472337,Oswestry views
Q8652,10107/1472447,Llangefni Bowls presentation
Q9188,10107/1133031,East view of Llanguby
Q32372,10107/1124151,Llansantffraid-ym-Mechain
Q8963,10107/1125322,Llanidloes bridge and church
Q9472,10107/1125002,Llansannan
Q8655,10107/1125949,Machynlleth fair
Q8648,10107/1124275,"Woodlands, Llangollen"
Q18554,10107/1127253,"Ystrad House, Llandingad"
Q8613,10107/1125798,"Sheep mart, Narberth"
Q110136,10107/1468241,Pwllheli Butlins Eisteddfod
Q8670,10107/1468448,Views of Newtown
Q8611,10107/1469538,"Jacinta Restaurant, Bala"
Q39135,10107/1469366,Auction at Capel Rhosneigr
Q8665,10107/1470488,Harlech College Residential Conference
Q104686,10107/4672471,Daniel Owen Davies
Q104692,10107/4669971,Henry Townley
Q104714,10107/4672593,William Hicks
Q104774,10107/4671866,Thomas Reynolds
Q104785,10107/4672562,"John Harris, D.D. principal of New College, London"
Q104797,10107/4670001,8th Earl of Denbigh (-1892)
Q35756,10107/1462725,Freezing conditions at Mochdre and Newtown
Q8735,10107/1463163,Porthmadog Primary School Christmas Pageant
Q50796,10107/1463549,"Bill Roberts, Bridge Filling Station, Oswestry"
Q8792,10107/1463551,Urdd drama competition in Llanbrynmair
Q8830,10107/1463848,Dowlais Spanish community
Q8765,10107/1503842,Strike at the Llanrwst toy factory
Q1677,10107/1486600,Amateur boxing tournament in Bangor
Q9427,10107/1125008,"Trefri, Aberdyfi"
Q8718,10107/1127252,"Pen-stryd, Dolgellau"
Q9472,10107/1126997,"Ty Coch, Llansannan"
Q8949,10107/1123544,St Clears fair (1 November 1898)
Q8988,10107/1124701,"Garthewin lodge, Llanfair Talhaearn"
Q9038,10107/1125601,"Fronfelen, Corris"
Q2185,10107/1127329,"A group in the square, St David's"
Q63542,10107/4670334,"Y Parchedig John Harris Jones, M.A., Ph.D"
Q30441,10107/1460182,"Cemaes youth club activities, Anglesey"
Q9344,10107/1461058,"A Joyful Night at Plas y Giler, Pentrefoelas"
Q9319,10107/1461475,Guilsfield schoolchildren in class
Q8649,10107/1461654,Shotton Dinner at Ruthin
Q30835,10107/1131072,"Acton Hall, Denbighshire"
Q17077,10107/1455759,Ardudwy School Choir
Q9150,10107/1456129,Bracken gathering at Talysarnau
Q17329,10107/1456855,"Bleddfa, Radnorshire"
Q16957,10107/1457253,pilgrimage to Lleyn by Cynan
Q20424,10107/1478480,view of Snowdon from Capel Curig
Q50796,10107/1484319,Ram sale causes traffic chaos in Oswestry
Q8765,10107/1484336,"Urdd National Eisteddfod, Llanrwst 1968"
Q30274,10107/1484030,last shearing on the farm in Capel Celyn
Q8735,10107/1481359,"Urdd National Eisteddfod, Porthmadog 1964"
Q50796,10107/1482700,Monte Carlo Rally competitors at Oswestry
Q8718,10107/1474864,School clinic at Dolgellau
Q50796,10107/1476522,Oswestry Rose Queen carnival
Q50796,10107/1477798,Oswestry Technical College
Q65090,10107/1123505,William Thelwall Thomas (1865-1927) and a woman
Q2319,10107/1493580,"Cefn-Mawr clay industry, Wrexham"
Q136652,10107/1503997,"Harvesting at Tyddyn Sais, Trawsfynydd"
Q21288,10107/1515165,Eleanor's Gate at Caernarfon Castle
Q76844,10107/1486582,Residents at Ellesmere old people's home
Q33188,10107/1488636,Welding demonstration at Manafon School
Q8702,10107/1489974,Carmarthen Show 1951
Q8835,10107/1489989,Performing two plays at Glyndyfrdwy Hall
Q8652,10107/1483099,NFU Welsh Conference in Llangefni
Q76844,10107/1483049,Ellesmere Young Farmers' Club ploughing match
Q8930,10107/1484955,Beaumaris primary school
Q17082,10107/1506708,Ysgol Botwnnog St David's Festival Eisteddfod
Q40063,10107/1506777,"Capel Nant y Benglog, near Llyn Ogwen"
Q15007,10107/1523032,"Open day at the Normal College, Bangor"
Q19461,10107/1523344,Possibly Bangor Cathedral ceiling
Q8639,10107/1510676,Loading fish on the quay at Conwy
Q136147,10107/1495764,"Holland Arms Hotel, Pentreberw, Anglesey"
Q8724,10107/1496122,Urdd Christmas Course at Pantyfedwen in Borth
Q8961,10107/1496488,Polio Vaccinations at Menai Bridge
Q8978,10107/1496251,"Pig demonstration at Llandyrnog, Sir Ddinbych"
Q8670,10107/1496787,"Pryce Jones, Newtown"
Q34368,10107/1504650,Glyn Ceiriog County School Harvest Festival
Q8611,10107/1501783,"Tegid Dairy, Y Bala"
Q35570,10107/1449504,"Mon Plowing Race in Cleifiog Mawr, Llanynghenedl"
Q1449,10107/1450357,"Urdd National Eisteddfod, Cardiff 1965"
Q8611,10107/1450178,"Merionethshire Agricultural Show, held at Bala"
Q32706,10107/1450803,Coleg Harlech sixth form conference
Q83201,10107/4670467,Caroline Dunraven
Q9431,10107/1130872,"Fort Barrack's, Pembroke Dock"
Q76844,10107/1463949,"Arrowsmith/Price wedding, Ellesmere"
Q15447,10107/1464216,"Poor hay harvest as seen at Prenteg, Porthmadog"
Q77231,10107/1464550,Nurses' prize-day at Shrewsbury Royal Infirmary
Q9394,10107/1464569,Activites at Llanwddyn Recreation Centre
Q8779,10107/1464734,Construction of new houses in Tywyn
Q8672,10107/1464978,British Legion carnival in Llanrhaeadr-ym-Mochnant
Q8670,10107/1465576,New Almshouses at Welshpool
Q32420,10107/1465650,Sarn Mellteyrn and district's ploughing race
Q8646,10107/1502772,First aid demonstration in Newtown
Q8655,10107/1500399,Presentation of Gee Medals in Machynlleth
Q50796,10107/1500260,Oswestry Observer Corps
Q30444,10107/1500952,Cwm Llyfni views: Maesteg and Caerau
Q1677,10107/1495777,BBC's 'Ser y Siroedd' Competition at Bangor
Q8765,10107/1495468,B. S. Bacon (Games) Ltd toy factory in Llanrwst
Q8718,10107/1495654,"Gwyl Ddrama Meirion, Dolgellau"
Q1677,10107/1523756,Bangor from Brynteg Terrace
Q8961,10107/1524335,"Menai Bridge Welsh show, 1974"
Q30432,10107/1507306,Brewer's lorry involved in an accident at Abermule
Q40012,10107/1472538,"Deunant Chapel centenary, Aberdaron"
Q19381,10107/1473003,Museum of Welsh Life at St. Fagans
Q135508,10107/1473770,"Stwlan Dam, Blaenau Ffestiniog"
Q37188,10107/1474199,Seiriol Island
Q1677,10107/1530827,Clothes modelled at Wartski's of Bangor
Q3080,10107/1536568,"Playing Curling in Perth, Scotland"
Q9427,10107/1126793,A view of Aberdyfi from Penhelyg Rock
Q30278,10107/1123856,Nant Gwrtheyrn
Q8735,10107/1124654,"North & South Wales Bank, Porthmadog"
Q9427,10107/1127410,Aberdyfi Temperance Society
Q32311,10107/1127218,Abersoch (?)
Q8976,10107/1124419,Abergele volunteers 1897 (?)
Q8988,10107/1123520,"On the banks of Afon Elwy, Llanfair Talhaearn"
Q37483,10107/1458586,Boys in a boat on the Conwy River
Q77231,10107/1459156,Young Farmers' Club rally at Shrewsbury
Q8645,10107/1462716,Barmouth milk bar
Q8646,10107/1463483,"Staff social at Kymric Mills, Newtown"
Q32420,10107/1477327,Sarn Mellteyrn plowing dispute
Q19921,10107/1479346,War-time gardening at Bwlchycibau School
Q8627,10107/1479635,Davy Crockett' visiting a cinema in Caernarfon
Q50796,10107/1478502,C J B Chapel Celebrations at Oswestry
Q77355,10107/1478832,"White Bear Inn, Whitchurch"
Q31652,10107/4641329,The Bellevue Park in Newport
Q8781,10107/1124969,"Cilgwyn Hall, Newcastle Emlyn"
Q9038,10107/1124050,"Corris, with Cadair Idris in the background (1894)"
Q8927,10107/1125677,"Cows on the beach, Nefyn (1896)"
Q9457,10107/1126280,"Cyfronnydd, Llanfair Caereinion"
Q8649,10107/1457616,Dant Cymru Music Festival in Ruthin
Q8727,10107/1458345,"Oakley Quarry at Blaenau Ffestiniog, 1958"
Q9363,10107/1459304,Bronington Pantomime
Q64097,10107/1510949,Wil Sam becomes a professional writer
Q8611,10107/1489288,"National Eisteddfod 1967, Bala"
Q103814,10107/1493590,Landslide on the A5 at Nant Ffrancon
Q77867,10107/1493355,"Bark House, Weston Rhyn"
Q8674,10107/1498246,Pwllheli chip-shop choir 1958
Q8655,10107/1498988,Ceiriog Hotel Company (London) at Machynlleth
Q25814,10107/1499806,Opening of the Claerwen Dam
Q110136,10107/1491939,Butlins Eisteddfod Pwllheli 1962
Q32389,10107/1492554,Llyn y Fan Fach protest
Q8759,10107/1451258,"Brass Band Festival in Pen-y-groes, Arfon"
Q8761,10107/1451600,Harbwr Y Felinheli
Q8616,10107/1452455,Celtic Congress in Aberystwyth
Q8718,10107/1452747,Welsh Black Good Auction in Dolgellau
Q8898,10107/1510678,"Padarn Lake' Hotel, Llanberis"
Q114933,10107/1510911,June view of Cemais Bay
Q67333,10107/1125871,Bedyddwyr Cymreig
Q61888,10107/1451053,Islwyn Fowc Elis
Q62757,10107/1551622,"Elwyn Roberts, a prominent Plaid Cymru officer"
Q17983,10107/4641199,"Baglan Church, Near Aberavon"
Q8761,10107/1582725,quay at Felinheli
Q8756,10107/1585710,glance at activities in Llanuwchllyn village
Q77231,10107/1585763,Open Day at Shrewsbury Technical College
Q8898,10107/1586558,Hogia'r Wyddfa near the Llanberis village sign
Q9394,10107/1453329,Llanwddyn carpenter
Q8718,10107/1453439,Dolgellau Cricket Club's Rummage Sale
Q32302,10107/1454701,Swiss girl at Trearddur Bay
Q8649,10107/1466411,"Urdd National Eisteddfod, Ruthin 1962"
Q9006,10107/1485324,View near New Radnor
Q76844,10107/1485525,"Smithfield Market, Ellesmere"
Q32385,10107/1486215,"Fur and feather show, Talysarn, Arfon"
Q77880,10107/1487726,Remembrance Sunday at Ruyton-XI-Towns
Q8660,10107/1551503,Views of Portmeirion
Q19365,10107/4641629,"Altar, St Davids Church, Cardiff"
Q22197,10107/1534566,Edmwnd Prys' birthplace
Q8915,10107/1536092,Traditional hay making at Bethesda
Q16853,10107/1527529,"Sheep sale at Cae Coch farm, Rhyd-y-main"
Q38424,10107/1527839,Britannia Bridge on fire
Q8658,10107/1576327,"Housing renovations, The Cwmmins, Lampeter"
Q8936,10107/1579756,"Denbighshire and Flintshire Show at Rhyl, 1975"
Q8961,10107/1578387,Porthaethwy fair
Q30273,10107/1583377,BP function at Penrhyn Castle
Q9451,10107/1581882,Eisteddfod Powys held at Corwen in 1974
Q21129,10107/1293426,Knighton church from Kinsley
Q21158,10107/4702656,view of Plas Gogerddan
Q50796,10107/1451686,Oswestry Boys High School
Q25813,10107/1452259,Cwmdauddwr Church
Q113528,10107/1452975,Llangollen International Musical Eisteddfod
Q68190,10107/1569503,artist Elis Gwyn Jones from Criccieth
Q142761,10107/1123355,"Henry Jones Williams (Plenydd, 1844-1926) (1883)"
Q64398,10107/1126839,"Dr William Rees (Gwilym Hiraethog, 1802-83) (1870)"
Q142756,10107/1124709,"John Davies (Einion Ddu, 1819-1906)"
Q64644,10107/1123578,"Revd Owen Evans, Cefncoedycymer (1808-65) (U)"
Q62312,10107/1126255,Revd Dr Lewis Edwards (1809-87)
Q61921,10107/1126501,Er cof am y diweddar Barch W Williams Wern..
Q65534,10107/1123715,"Revd John Hugh Evans (Cynfaen, 1833-86)"
Q64645,10107/1125570,"Revd O Evans, London (1829-1920)"
Q65310,10107/1126849,Revd W James
Q66575,10107/1123291,Revd Edward Morgan (1817-71)
Q63657,10107/1123786,"Er cof am y Parch John Hughes, Liverpool .."
Q66697,10107/1126030,"Revd Ebenezer Evans (Bodedern, CM?)"
Q66447,10107/1124175,Er cof am y Parch Lewis Powell Caerdydd ..
Q17192,10107/1533585,"Richard Wherlock's Farm, Treowen, Dingestow"
Q8616,10107/1534259,Sunset and views in Aberystwyth
Q77231,10107/1509273,Bowls at Shrewsbury
Q35940,10107/1510079,"Searching for copper at Mynydd Parys, Amlwch"
Q62002,10107/1126190,"Sarah Edith Wynne (Eos Cymru, 1842-97)"
Q64992,10107/1126291,"Revd Thomas Davies, Llanelli (1823-98) (Cong)"
Q142805,10107/1124369,"Cadwaladr Jones, the Dolgellau murderer"
Q61057,10107/1124991,Er cof am y diweddar Barch John Elias o Fon ..
Q64646,10107/1125372,"Revd Nathaniel Thomas, Cardiff (1818-88)"
Q61519,10107/1124993,Er cof am y diweddar Barch Christmas Evans ..
Q65551,10107/1126452,Revd Abel Jones Parry (1833-1911) (1885)
Q19085,10107/1125259,"The church, Llanfair Talhaearn"
Q77846,10107/1126896,"Thatched house, Westbury (Salop)"
Q78341,10107/1125529,"The church, Baschurch (Salop)"
Q36426,10107/1124738,"The church, Tywyn"
Q8786,10107/1124611,"Home of Theophilus Jones, Tregaron"
Q26618,10107/1123279,"Henry Richard memorial, Tregaron"
Q20225,10107/1127097,"Pupils, Pen-ffordd school (Bletherston)"
Q8663,10107/1499182,Motorcycle trials in Llandrindod Wells
Q8961,10107/1499305,Christmas Fatstock Show and Sale at Porthaethwy
Q21111,10107/1493985,"St Margaret's clothes factory, Aberbargoed"
Q17766,10107/1511140,"Mallwyd Church, and the bell that was repaired"
Q8765,10107/1512872,Reeds near Llanrwst
Q21288,10107/1550930,Welsh welcome to the Queen at Caernarfon Castle
Q76844,10107/1504478,Ellesmere Carnival
Q19178,10107/1505010,Penstrowed Church Fete
Q1449,10107/1505149,Children and staff of Cardiff Welsh Primary School
Q8898,10107/1505169,"Closure of Nantperis School, Llanberis"
Q9011,10107/1497028,Friesian cattle out until Christmas in Meifod
Q8660,10107/1497600,Views of the quaint village of Portmeirion
Q8718,10107/1503587,New sports pavilion at Dolgellau
Q138486,10107/1574731,Wigley Plaque at Shrewsbury Liberals Club
Q138365,10107/1465719,HMS Conway
Q138376,10107/1470434,"WRAC party at Park Hall Camp, Oswestry"
Q138386,10107/1473499,"Pengwern Boat Club, Shrewsbury"
Q138381,10107/1483391,Induction of new vicar at Dudleston
Q2137,10107/4901006,"Street, Trelew"
Q76327,10107/4901031,"House, Gaiman"
Q8649,10107/1540575,"Welsh Half Breed Sheep Sale, Rhuthun"
Q22021,10107/1542790,Rubbish at 10 Brynteg Terrace
Q22029,10107/1542862,new National Westminster Bank in Upper Bangor
Q8963,10107/1492968,Llanidloes Meat Depot Staff
Q9093,10107/1491638,Charcoal-burners at Llandinam
Q50796,10107/1493781,"Oswestry Infant School, Middleton Road, Oswestry"
Q76844,10107/1493996,"Ellesmere chapel wedding, June 1948"
Q50796,10107/1502724,Oswestry New Street Traders at their party
Q20424,10107/1466752,Snowdon and Llanberis
Q8735,10107/1468108,"Urdd National Eisteddfod, Porthmadog 1964"
Q50796,10107/1467581,Everetts shop at Oswestry with its unusual picture
Q77231,10107/1467682,The Mikado' at Shrewsbury
Q8672,10107/1486472,Urdd gathering at Llanrhaeadr-ym-Mochnant
Q8720,10107/1488202,"Urdd National Eisteddfod, Mold 1958"
Q42304,10107/1125582,"St John's chapel (W), Carno"
Q66066,10107/1123414,"Revd. Thomas Roberts (Scorpion, 1816-87)"
Q104944,10107/1124774,"Sion Catrin, Llanrwst"
Q71157,10107/1127167,Group M.C. Sir Ddinbych
Q142799,10107/1123590,"Revd Newton, Eglwys-bach (W)"
Q142830,10107/1123407,"D Jones, father of Druisyn"
Q1677,10107/1571109,Drama course at Bangor
Q8648,10107/1571165,Welsh Black Sheep on a farm near Llangollen
Q1677,10107/1521217,Celebrating the Queens Jubilee in Bangor
Q8674,10107/1517824,Founding Ysgol Feithrin Pwllheli in January 1969
Q136089,10107/1518480,"Roman Bridge, Penmachno"
Q30634,10107/1505483,Benllech views
Q39194,10107/1124131,"Salem chapel (Cong), Bryngwran"
Q9095,10107/1126707,"Pupils, Llangurig school (1891)"
Q8773,10107/1126325,"Girls, Y Fan mine school, Carno (1890)"
Q9095,10107/1127467,"Cwmbelan View, Llangurig"
Q9457,10107/1125161,"The first secondary school, Llanfair Caereinion"
Q18680,10107/1124063,"Edwards family, Nanhoron, Botwnnog (1886)"
Q32420,10107/1127201,Sarn Mellteyrn
Q142798,10107/1127344,"Girls of the national school, Llanymddyfri"
Q16722,10107/1558962,Cymdeithas y Cymod meeting at Glan-llyn
Q8936,10107/1560628,Miss Rosebud' Competition at Rhyl
Q8718,10107/1564616,Welsh Black Cattle Sale at Dolgellau
Q50796,10107/1554053,Oswestry's Festival of Britain celebration
Q9453,10107/1554184,Hogia Llyn reviving Aberdaron boat race
Q37140,10107/1556302,Globe Tavern at Upper Bangor
Q8639,10107/1555000,Selling fish at Conwy
Q69245,10107/4835498,Lloyd George party on hotel terrace 1929
Q57923,10107/4835442,David & Gwilym Lloyd George playing golf 1934
Q61204,10107/1124741,"Revd John Owen Williams (Pedrog, 1853-1932) (Cong)"
Q61204,10107/1126204,"Revd Owain Jones (Pedrog, 1853-1932) and friends"
Q115063,10107/1502431,Building an extension to Theatr Fach Llangefni
Q8863,10107/5746527,Welsh School Boys Camp 1922
Q32433,10107/4627243,Gate and cottage near Brynrefail
Q134678,10107/4641209,Dixton Church on the Wye Monmouth ca.1905
Q32316,10107/4627382,Llanfair PG church from Straits shore
Q32476,10107/4627244,Cottage & mountains near Llyn Padarn
Q2185,10107/1123953,St Davids Board School
Q17658,10107/1126225,"The church and Pen-y-bont Inn, Tal-y-llyn"
Q9525,10107/1125722,Nantglyn
Q18209,10107/1123657,"The church, Nanhyfer"
Q109289,10107/1127570,"The church, Bagillt"
Q22720,10107/1126283,"The church, Llangadfan"
Q36340,10107/1562031,"O S R Davies's farm Ty'n Lloft, Silian, Lampeter"
Q61915,10107/1563799,Dic Aberdaron's grave in Llanelwy parish cemetery
Q8756,10107/1539333,Views and history of Bala and Llanuwchllyn
Q65528,10107/1126513,Revd Lot Hughes (W)
Q65175,10107/1125503,Er cof am y diweddar Barch Thos Aubrey ..
Q142831,10107/1125053,Revd John Bartley (W) (1805-84)
Q64961,10107/1123855,"Revd R T Evans ? Robert Trogwy Evans, 1824-1901"
Q61204,10107/1123335,"Revd John Owen Williams (Pedrog, 1853-1932)"
Q68963,10107/1125449,The only true linkeness of our Saviour
Q138126,10107/1451214,Cliff Curvis fighting Kay Kalio at Neath
Q138163,10107/1505088,"Kathy Lloyd, an apple girl"
Q138178,10107/1529517,"John Lloyd Ellis, Aberkissey, Dyserth, Y Fflint"
Q62835,10107/4835808,Megan Lloyd George looking through binoculars 1928
Q57923,10107/4835844,David Lloyd George on the deck of a ship ca.1928
Q62556,10107/4835390,Margaret Lloyd George in Morocco 1936
Q62225,10107/1125228,Er cof am Eben Fardd. Clynog Fawr
Q66067,10107/1125410,"Mr Roberts, Newtown harpist"
Q142516,10107/4627067,Los Altares
Q142732,10107/1124479,"Welsh Wesleyan Ministers, multi-portrait"
Q1677,10107/1529610,Views of Bangor
Q9451,10107/1529522,"Meirioneth Show at Corwen, September 1973"
Q20530,10107/1508878,Scenes near lake Vyrnwy
Q8718,10107/1509007,Dolgellau Bowls Club Presentation
Q17685,10107/1125626,"The church, Llandderfel"
Q26732,10107/1123858,"Christ Church chapel (Cong), Abergele (1897)"
Q25308,10107/1126678,"The church and terrace, Aberdyfi"
Q137542,10107/1124777,"Glyn Davies, Aberdaron"
Q9453,10107/1123712,"The bridge, Aberdaron"
Q9463,10107/1124176,"The post office, Tal-y-bont (Caerhun, Caern)"
Q30466,10107/1125289,"Ty Newydd, Chwilog"
Q8905,10107/1123642,"The bridge and the church, Llanystumdwy"
Q8781,10107/1126404,"Workers at the weir, Necastle Emlyn"
Q32384,10107/1480754,Improving the road in Aber
Q8620,10107/1480844,Centenary of Holyhead Wesleyan Chapel
Q8963,10107/1481033,Llanidloes Agricultural Show
Q65955,10107/1124387,"Revd John Rhys Morgan (Lleurwg, 1822-1900)"
Q63869,10107/1125447,Revd John Richard Hughes (1828-93)
Q65090,10107/1124851,William Thelwall Thomas (1865-1927)
Q65090,10107/1123935,William Thelwall Thomas (1865-1927) when a child
Q142785,10107/1123625,Miss Powell (later Mrs Pengwern Jones)
Q22795,10107/1127355,"The church, Llanidloes"
Q35938,10107/1125433,"Parrog, Trefdraeth (Penf)"
Q24482,10107/1124756,"Groesgoch chapel (Bapt), Tre-fin (1892)"
Q142599,10107/5763716,"Loading kerosene, Sebarok 1935"
Q142728,10107/4835613,"Place St Sebastien, Brigue, Italy 1929"
Q1304,10107/4835429,House in tropical rural setting 1936
Q97633,10107/4835410,Troupe of Berber Dancers 1936
Q98063,10107/4835700,David Lloyd George and party at Berchtesgaden 1936
Q142791,10107/1125769,"Revd Noah Stephens, Liverpool"
Q66084,10107/1126722,"Revd Hugh Evan Thomas (Huwco Meirion, 1830-89)"
Q60430,10107/4835647,Gwilym Lloyd George and an unknown gentleman 1929
Q15466,10107/1125682,"The crushing shed, Dolau Cothi gold mines"
Q115572,10107/1126736,"Ystrad House, Llandingad"
Q38338,10107/1124791,"Tan-y-fron Chapel, near Llansannan"
Q22911,10107/1125290,"The church, Llanfyllin"
Q22254,10107/1125197,"The bridge, Aberffro"
Q9457,10107/1124516,"Calvinistic Methodist elders, Llanfair Caereinion"
Q35419,10107/1123840,Llanddulas (Dinb)
Q106183,10107/1126353,Waterfalls near Llanbryn-mair
Q20337,10107/1569292,Views of Snowdownia and coastal scenes
Q1677,10107/1569015,"C T Open Day at Madryn, Bangor"
Q142725,10107/4835467,Soft Fruit Trees ca.1935
Q8759,10107/1127491,"The square, Penygroes (Caern)"
Q17318,10107/1126700,"The Bull Inn, Brynsiencyn"
Q37573,10107/1124717,"Tanygroes, Gwalchmai"
Q64821,10107/1123755,"Revd Robert Ellis, Ysgoldy (1808-81)"
Q63541,10107/1123529,Revd John Hughes (1827-93)
Q64519,10107/1125947,Revd John Prichard (1821-89)
Q61658,10107/1124658,Revd Rowland Williams (Hwfa Mon) (1891)
Q65534,10107/1125835,"Revd John Hugh Evans (Cynfaen, 1833-86)"
Q57664,10107/1125800,Benjamin Disraeli
Q8798,10107/1125369,"Gwyndy, Betws-yn-Rhos"
Q22153,10107/1125469,"The bridge and church, Llanystumdwy"
Q32781,10107/1127098,"The church, Crinow"
Q22897,10107/1123449,"The church, Machynlleth"
Q9451,10107/1123615,Corwen choir
Q29159,10107/6304172,"Saron Chapel, Llanbadarn"
Q37198,10107/6304180,NLW Interiors Enrtrance Hall
Q36013,10107/6304207,Maesheli Penparcau Construction September 1939
Q8616,10107/6304201,Manweb stand (showground)
Q8655,10107/6304208,"Esso Petroleum Ltd, Machynlleth"
Q32870,10107/6304253,"Manweb, Pier St (Interior)"
Q61524,10107/1125517,Er cof am y Parch J. Roberts 'Ieuan Gwyllt' ..
Q65211,10107/1126179,Taliesin o Eifion
Q8652,10107/1486848,Dant Cymru Music Festival in Llangefni
Q136653,10107/1487446,UCNW Bangor's Aber Farm open day
Q32706,10107/1480377,Hope to expand Coleg Harlech
Q9263,10107/1487317,The village of Llanfrothen as it is today'
Q8792,10107/1124753,"The bridge, Llanbryn-mair"
Q17642,10107/1125269,"The church, Llangernyw"
Q32964,10107/1123726,Harlech castle
Q9444,10107/1125257,"A house, Montgomery"
Q8649,10107/1127014,"Wynnstay Arms Hotel, Rhuthun"
Q9337,10107/1124569,"Pen-y-bont, Llandderfel"
Q9364,10107/1126772,"Llwynderw, Cellan"
Q17785,10107/1124405,"The church, Y Gyffylliog"
Q36700,10107/1124178,"Tal-y-bont chapel (CM), Caerhun"
Q58045,10107/1127533,Revd Michael Daniel Jones (1822-98)
Q65107,10107/1126322,"Revd Richard Parry (Gwalchmai, 1803-97) (1867)"
Q142739,10107/1123627,"Revd J Lewis, Corwen"
Q66146,10107/1124116,"Revd David Howell, Swansea (1797-1873)"
Q142745,10107/1127282,"Revd S Edwards, Machynlleth (1867)"
Q142747,10107/1125130,"Revd J C Evans, Lampeter (CM)"
Q63992,10107/1125172,Revd Owen Thomas (1812-91)
Q104537,10107/1124942,"Plas Bell, Y Ffor (Four Crosses)"
Q17581,10107/1124684,"The church, Llanddulas (Dinb)"
Q18795,10107/1125696,"The church, Llanwnnog"
Q18914,10107/1125142,"Corsygedol Hall, Llanddwywe-is-y-graig"
Q40252,10107/1124911,"Capel Helyg (Cong), Llangybi (Caern)"
Q21437,10107/1126737,"The church, Eglwys-bach"
Q8781,10107/1123372,"Girls, Newcastle Emlyn school (1892)"
Q38131,10107/1124620,"Baptist chapel, Llandyrnog"
Q27348,10107/1125826,"The church, Pentrefoelas"
Q8987,10107/1125881,"The cemetery, Holywell"
Q23849,10107/1125383,"Hawen Chapel (Cong), Troed yr aur"
Q32928,10107/1127195,Dol-y-bont near Y Borth
Q38870,10107/1126285,"Rhiw Chapel and the hospital, Rhiwbryfdir"
Q18765,10107/6304114,"The Lounge, Alltlwyd Mansion"
Q18755,10107/6304143,Abermad School Group Cricket
Q8712,10107/6304150,"Royal Oak Garage, Llanfarian"
Q8927,10107/1123419,"The bay, Nefyn"
Q36281,10107/1125331,"Rosebush, Maenclochog"
Q33263,10107/1126792,"Rhaeadr Pistyll waterall, Llanrhaeadr-ym-Mochnant"
Q17862,10107/1123621,"The church, Llanrhaeadr-ym-Mochnant"
Q138345,10107/1459089,new homestead of a smallholding in Walford
Q138340,10107/1488648,dying duck ballet' at Meole Brace
Q138427,10107/1491728,Wedding at Criftins (Dudleston Heath)
Q115047,10107/1126832,"The bridge over afon Teifi, Llandysul (Cer)"
Q137467,10107/1125678,"Post Office and the Castle Hotel, Llangadog"
Q9095,10107/1127258,"The church, Llangurig, in the snow (May 18, 1891)"
Q50807,10107/5983673,Llangedwyn Hall from Avenue.
Q114345,10107/5983684,"Bronilog, Llansilin."
Q2319,10107/1457005,Wrexham Young Farmers Club ploughing competition
Q18765,10107/6304109,Alltlwyd (Plasgwyn) Llanon 24 April 1951
Q18755,10107/6304135,Abermad School Group 17th July 1956
Q17927,10107/1124181,"The church, Cilgerran"
Q64300,10107/1125506,"Rev. John Davies, Nercwys"
Q142773,10107/1124534,Revd Evan Peter
Q57923,10107/4835683,David Lloyd George aboard 'Sabrina' 1929
Q8648,10107/1126337,"Edward Price and family, Llangollen (1876)"
Q32368,10107/1127492,Trefor
Q8674,10107/1124644,Pwllheli
Q17886,10107/1127073,"Ned and donkey, Pool Park"
Q17617,10107/1125807,"The church, Llanrhaeadr-yng-Nghinmeirch"
Q9005,10107/1123713,"The church, Llansawel"
Q68451,10107/1126969,Revd Timothy Thomas
Q65819,10107/1124018,"Revd Dr Thomas Phillips, Hereford (1806-70) (1864)"
Q142840,10107/1126531,"Revd James Donne, Llangefni (CM)"
Q142762,10107/1127238,"Revd W E Watkins, Amlwch (B)"
Q8616,10107/6304262,Primrose Garage
Q30167,10107/6304300,Henllan Catholic Church #4
Q8616,10107/6304265,Aerial Views of Aberystwyth Llanbadarn Fawr
Q8616,10107/6304298,Hill Climbing Cars #9
Q24499,10107/6304325,Belle Vue Hotel
Q8616,10107/6304318,Aberystwyth Copy Neg - three views
Q19192,10107/6304330,Queens Hotel
Q8616,10107/6304336,Taylor Lloyd Chemist
Q8616,10107/6304338,"Crosville Workshop, Smithfield Exterior"
Q32312,10107/6304376,"Maidens, Peace Pageant, Aberystwyth Castle"
Q18183,10107/1124454,"Pantycelyn, Llanfair-ar-y-bryn"
Q9466,10107/1125085,"Llangadog, showing the White Horse"
Q44947,10107/4627408,Nant Gwynant from L'beris Road
Q12944,10107/4786023,"Ent to Caves, Pontsarn c1905"
Q58865,10107/5763722,Gareth at the magnificent site at Borobudur
Q60272,10107/6101384,Dafydd Iwan yn y glaw
Q138159,10107/1515547,"Eisteddfod Genedlaethol Cymru 1979, Caernarfon"
Q18650,10107/1293422,"Boat on the river at Llanfaredd, Builth Wells"
Q8646,10107/1293455,Landscape view from around the Newtown area
Q9449,10107/1294884,Knighton station
Q112485,10107/1295132,"View from ""Fiddlers Elbow"" showing Radnor Forest"
Q17197,10107/1293989,"Penygarreg reservoir, Elan Valley"
Q104064,10107/1293568,Bucknell station the sqs sic
Q8791,10107/1294362,Corton House
Q9006,10107/1294295,Church St. New Radnor
Q9246,10107/1294705,Llangunllo mill wheel
Q104048,10107/1293786,Primitive Methodist chapel & manse Clun
Q9435,10107/1293960,"Snow covered trees on the Gro, Builth Wells"
Q104022,10107/1295147,Old Oak House Pembridge
Q9449,10107/1294426,Black bridge Knighton
Q104022,10107/1294232,Station Rd. Pembridge
Q8791,10107/1293833,Path to Boultibrooke Presteign i.e. Presteigne
Q9133,10107/1293615,"lake, Llansilin lake"
Q9036,10107/1294396,Old Erwood bridge
Q70315,10107/5152535,Prince Teh Wan with his young son
Q107880,10107/6304655,"Brigands Inn, Mallwyd No.65"
Q137401,10107/6304678,"Main road and Lion Hotel, Llandinam"
Q31797,10107/6304671,"Grounds, Broneirion Mansion"
Q103802,10107/6304706,"Rheidol Valley, looking east"
Q8779,10107/6304687,"Shelter, Tywyn Promenade, Gwynedd"
Q8779,10107/6304696,"High Street, Tywyn, Gwynedd"
Q8729,10107/6304729,Llanddewi Brefi Bridge (2)
Q8767,10107/6304710,Pony Trekking (Llanwrtyd Wells) 4
Q16439,10107/6304737,"Shop and Petrol Pump, Llwyndafydd"
Q9344,10107/1126900,"The church, Pentrefoelas"
Q9451,10107/1123967,"The church, Corwen (1878)"
Q32021,10107/1124616,"St David's church,Capel Dewi near Llandysul"
Q8976,10107/1124122,"Tan-y-fron, Abergele"
Q9427,10107/1126022,A view of Aberdyfi from Penrhyn
Q17559,10107/6304582,View near Eisteddfa Gurig #2
Q36142,10107/6304561,Penuwch School Heads #7
Q8786,10107/6304580,"River Brenig, Tregaron, from the Bridge"
Q106657,10107/6304592,Talyllyn Railway #5
Q30333,10107/6304593,Boy feeding Swans#1
Q9095,10107/6304385,Llangurig Bus Smash #1
Q30164,10107/6304398,Snow 1933 Traffic Accident near Bow Street
Q8616,10107/6304420,Boat on a low loader
Q8724,10107/6304421,"Brynowen Farm Guest House, Borth"
Q8616,10107/6304465,Hill Climbing Cars #11
Q8616,10107/6304451,Folk Dance Troupe
Q24499,10107/6304524,Belle Vue #1
Q8616,10107/6304481,Aberystwyth Fire Engine on the Promenade
Q8616,10107/6304477,"Market Street, Aberystwyth"
Q24499,10107/6304528,Belle Vue #5
Q64423,10107/1123888,"Revd John Jones (Humilis, 1818-69)"
Q65819,10107/1123844,"Revd Dr Thomas Phillips, Hereford (1806-70)"
Q8733,10107/6304750,"Glan Graig Farm, Llangrannog in the distance (6)"
Q36698,10107/6304773,"Talyllyn, looking towards the West"
Q9447,10107/6304772,New Quay 3
Q9447,10107/6304779,"New Quay Hotel, Glanmor terrace"
Q8616,10107/6304146,"Central Hotel, Aberystwyth Dining Room"
Q9447,10107/6304608,New Quay from the quayside #3
Q9447,10107/6304625,New Quay Harbour
Q9447,10107/6304623,"Stone Quay, New Quay, Ceredigion"
Q107880,10107/6304650,"Brigands Inn, Mallwyd No.60"
Q9354,10107/1123357,Y Gyffylliog school pupils
Q8879,10107/1127108,Llanfair Bridge Inn
Q38870,10107/1125746,"Rhiw chapel (CM), Blaenau Ffestiniog"
Q8611,10107/1125464,"Rhiwlas Lodge, Y Bala"
Q36449,10107/1127460,"The church, Amlwch"
Q142460,10107/5746512,View From Hearst Castle.
Q1198,10107/5152522,Mongolian Princes
Q143448,10107/5148644,The Great Wall of China
Q1198,10107/5152569,Mongolian child
Q35805,10107/6304741,Bay and Cliffs at Mwnt
Q35858,10107/4629773,"Cliffs, St David's Head"
Q1416,10107/4835839,Tramp steamer moored off Lisbon ca.1930
Q77324,10107/4835524,"Church of St Martin-in-the-Fields, London ca.1930"
Q97976,10107/4835725,Unidentified stretch of coastline 1929
Q58865,10107/5746491,Gareth Vaughan Jones in California
Q58865,10107/5746524,Gareth Jones & Gerald Graham
Q69603,10107/4883508,"Axis & Co., butchers and slaughterers"
Q69603,10107/4883541,"Too late, old man"
Q104064,10107/1293808,Station Road Bucknell
Q8892,10107/1293670,"scene, Rhayader"
Q104064,10107/1293566,View from the 'Mynd' Bucknell
Q8638,10107/1293483,Talgarth street
Q17197,10107/1293562,"Foel tower, Elan Valley"
Q35389,10107/1293931,"View of Rhiwolau, Llanafan Fawr near Builth Wells"
Q142599,10107/5763717,"Quayside, Sebarok"
Q142307,10107/5763776,"Three apsaras carved on a pillar, Angkor Wat"
Q1434,10107/5749925,Peasants lying in a Moscow street hoping for food
Q9133,10107/5983622,"Llansilin Road, General View."
Q114869,10107/5983657,"Graigorllwyn, Llanrhaiadr."
Q19400,10107/1294399,"The Teme valley ""sunset"""
Q8646,10107/1294079,"The Cenotaph, Newtown"
Q9435,10107/1294377,General view of Builth Wells
Q159154,10107/1293527,View from bridge Eardisland
Q9449,10107/1294008,"Broad Street, Knighton"
Q9006,10107/1294337,View of New Radnor
Q9435,10107/1294347,"Cefndwylys gardnes, Builth Wells"
Q8794,10107/1294367,View of Beguildy and surrounding countryside
Q107584,10107/1293697,Unidentified country seat and farm buildings
Q9435,10107/1293692,Graig-y-ddu at Builth Wells
Q9006,10107/1293544,The dingle New Radnor
Q104048,10107/1294309,Clun market square
Q9006,10107/1293416,Forest Inn at New Radnor
Q9036,10107/1293353,The old Erwood bridge
Q9435,10107/1294332,View of Builth Wells
Q8791,10107/1294876,Presteign i.e. Presteigne station
Q104047,10107/1294719,Watling St. Leintwardine
Q9435,10107/1294751,"Opening of the Irfon bridge, near Builth Wells"
Q159165,10107/1294175,The Lea
Q8791,10107/1294163,Presteign i.e. Presteigne
Q8663,10107/1293955,View of Llandrindod and lake
Q17197,10107/1293959,"Penygarreg reservoir, Elan Valley"
Q9449,10107/1294102,Knighton from the Garth
Q8972,10107/1294074,"Rockview, Llanelwedd"
Q35892,10107/1294128,The school Norton
Q9435,10107/1294139,"Old Irfon bridge, Builth Wells"
Q19427,10107/1294665,Crickadarn village
Q8892,10107/1294625,View near Rhayader of the old road to Aberystwyth
Q8863,10107/1294387,"Riverside, near Aberedw"
Q9006,10107/1293525,The monument New Radnor
Q17329,10107/1293689,"Rectory, Bleddfa"
Q159140,10107/1293581,Hopesay vicarage
Q137511,10107/1293799,Eagle Hotel New Radnor
Q99521,10107/1293522,"The "" Old Oxford Inn"" Brampton Brian"
Q8646,10107/1293791,Newtown
Q8663,10107/1294156,Llandrindod cinema
Q31771,10107/1294655,"Llanstephan House, Boughrood"
Q77722,10107/1294215,The rectory Clungunford
Q104048,10107/1294606,Cottage Hospital Clun
Q33341,10107/1294506,Stanner rocks
Q35605,10107/1294835,"Llanstephan bridge, Llyswel"
Q104048,10107/1295037,Old Mary Clun
Q69555,10107/4883358,Beer is best
Q159594,10107/4883366,The cabinet plays musical chairs
Q60003,10107/4883373,Paying for the war budget
Q159601,10107/4883392,Britain's war effort
Q159592,10107/4883415,"""Er - say grace, Carol."""
Q103825,10107/4675761,Rhaiadr y Gonwy. Falls of the Conwy
Q8781,10107/4675757,"The New Castle Emblyn, Cardiganshire"
Q8718,10107/4675791,"The Torrent Walk, Dolgelly"
Q20928,10107/4675768,Rhaiadr Du
Q103844,10107/4675702,"Kenarth Bridge, on the Teify : Cardiganshire"
Q9465,10107/4675705,View near Newbridge : Glamorganshire
Q30559,10107/4670163,Rhaiadyr y Wennol
Q30559,10107/4675713,Rhaiadr y Wenol : Near Capel Curig
Q103838,10107/4675720,Pont Aberglaslyn
Q159180,10107/4670121,Nant Mill
Q104048,10107/1294451,Clun castle
Q17197,10107/1293895,"Graig Goch reservoir, Elan Valley"
Q15466,10107/1294450,Pumsaint gold min
Q9449,10107/1295092,Knighton cricket ground
Q15110,10107/1293656,"Bryn Wern, Newbridge-on-Wye"
Q104047,10107/1294860,Watling St Leintwardine
Q8663,10107/1294871,View of Llandrindod and lake
Q17329,10107/1293658,"The Hundred House Inn, Bleddfa"
Q159162,10107/1294498,The Hurst drive showing Radnor wood & cottage
Q70046,10107/4883981,Your autograph M'sieur?
Q159639,10107/4883997,Allied troops make rapid progress through France
Q159585,10107/4883551,Next week?
Q159585,10107/4883553,They have been warned
Q69555,10107/4883575,Panzer pincers
Q69603,10107/4883584,The Russian quagmire
Q69603,10107/4883609,September morn
Q159624,10107/4883656,Nazi and Japanese fireworks
Q159636,10107/4883673,Jap Express
Q159618,10107/4884077,Pietro Badoglio
Q159649,10107/4884109,Allies in the Rhine
Q159593,10107/4884135,British troops clearing Germany
Q159649,10107/4884136,Emptying the 'pockets'
Q159639,10107/4883741,A mobile column attacks Rommel's rear
Q159639,10107/4883759,Rommel is retreating
Q159585,10107/4883779,Father Christmas gives presents to world leaders
Q159610,10107/4884025,Liberation of Paris
Q57605,10107/4884051,The Rhine scrum
Q69603,10107/4884075,Wishful thinker
Q104064,10107/1294091,Weir cottage Bucknell
Q108391,10107/1295119,Clunbury
Q99521,10107/1294217,"Lingen Road, Brampton Brian"
Q104048,10107/1294887,Under the trees Trinity Hospital Clun
Q99521,10107/1294218,Evening at Brampton Brian
Q159169,10107/1295160,Black and white panelled house
Q8663,10107/1294470,"Houses, Llandrindod Wells"
Q32360,10107/1293979,"Mumbles lighthouse, Bracelet bay"
Q159591,10107/4883354,"Yes, dearie, of course we want a little peace!"
Q159585,10107/4883888,Fifth November of war
Q69603,10107/4883893,Hitler on his way to rendezvous with death
Q69555,10107/4883909,Second front? I see four looming up - so far
Q69603,10107/4883919,1944 will bring Hitler's defeat
Q1398,10107/4883680,Americans bomb Tokyo
Q159206,10107/4883936,Hitler's impregnable Europe The big invasion
Q70046,10107/4883940,The complacent
Q150935,10107/4883967,John Citizen is lead to victory
Q140066,10107/4670157,Rhaiadyr Du
Q103829,10107/4670145,Melincourt cascade
Q103807,10107/4675805,"Source of the Wye, Plinlimmon Hill"
Q9031,10107/6050978,"Fall of the Rheidol, Devil's Bridge"
Q9444,10107/1129298,"Near Montgomery, North Wales"
Q1288,10107/4884218,Council of ministers
Q69555,10107/4883859,Nails in the Nazi coffin
Q159586,10107/4883868,Rumours
Q1220,10107/4883684,The Japanese take Mandalay (Burma)
Q1254,10107/4883701,The leaking hose
Q1618,10107/4883715,R.A.F. hornet's nest
Q104147,10107/4884118,Allies over Rhine
Q70092,10107/4884490,We work or want
Q159586,10107/4884510,Dollars are good for you
Q70066,10107/4883432,"Playmate, come out and play with me"
Q69603,10107/4883443,Sheltering in the underground
Q1328,10107/4884447,Just off to take a look at East Africa
Q1184,10107/4885180,The Korean War
Q103969,10107/4676561,Devil's Kitchen near Llanberris Caernarvonshire
Q103809,10107/4675774,Waterfall at Aber
Q30559,10107/4676584,Swallow Waterfall
Q159180,10107/4675809,"Nant Mill cascade frontispiece, Vol. 2"
Q18921,10107/4675810,Pont y Pair near Llanrwst
Q33263,10107/4676599,Pistyll Raydr. A Fall of 240 Feet
Q30565,10107/6050976,Devils Bridge Upper View
Q103928,10107/4675762,Pulpit Hugh
Q62638,10107/4884432,Nationalisation in Great Britain
Q159684,10107/4884455,Manny Shinwell is putting on face saving powder
Q159684,10107/4884482,Buzz off - I've no time for you
Q70092,10107/4884313,Niggling budget concessions
Q159586,10107/4884334,Russian cooperation
Q59500,10107/4884350,Playing about in the peace pool
Q59505,10107/4884273,Illingworth cartoon 1035
Q159691,10107/4884278,Austerity blues
Q159677,10107/4884298,But she'll never pay the fare!
Q138211,10107/4884306,Power politics
Q104189,10107/4884377,Terrorism walks into the Palestine Conference
Q1302,10107/4884015,A letter home
Q159624,10107/4883797,Axis and Allies boat race
Q159585,10107/4883827,The Dambuster raid
Q69603,10107/4883690,U.S. second front reconnaissance
Q159639,10107/4883731,A struggle to capture the Axis beast
Q59500,10107/4884717,Preparing for the bear baiting
Q69555,10107/4884722,Stalin plays with the western powers
Q159684,10107/4884732,Protecting the passengers on the stagecoach
Q139015,10107/4767910,Sh(r)awardine
Q1397,10107/4884642,Truman and Stalin fight a mock duel over Berlin
Q57800,10107/4884229,Dockers on strike
Q70104,10107/4884246,United Nations structure
Q148119,10107/4884262,"The oysters, walrus and the carpenter"
Q57605,10107/4884365,Outworn tradition
Q59505,10107/4884383,Britain can make it ward
Q1223,10107/4884536,Race hatred
Q104189,10107/4884712,Map of Palestine
Q159586,10107/4884221,Soviet suspicion
Q61282,10107/4884801,Servile socialist state
Q59505,10107/4884569,Cripps' games and pastimes
Q82955,10107/4884583,Nuts for the black market
Q57800,10107/4884610,Mountain of issues
Q142717,10107/4767888,Aston
Q31785,10107/4767836,Breyden Hills from Llanymynech and Rodney's Pillar
Q103828,10107/4767773,"Chirk Church, aquaduct & castle, Denbighshire"
Q103943,10107/4767839,Garth
Q20281,10107/4767841,Limor Lodge
Q8856,10107/4767850,Llandysilio and Llanymynach rocks
Q35539,10107/4767826,Llansanfraid Glyndwrdwy
Q139129,10107/4767901,Loton Hall
Q1350,10107/4885206,Neguib as sphynx
Q70046,10107/4884657,Churchill carries the Council of Europe torch
Q59589,10107/4884614,Bevan fighting with doctors and dentists
Q69555,10107/4884624,Stalin's snake swallows western Europe
Q59505,10107/4884643,The other sick bull in need of a tonic
Q1178,10107/4884828,Yes - he's going our way
Q57800,10107/4885443,What do you mean 'escape' - I have escaped
Q159586,10107/4885505,Unlikely party
Q59957,10107/4885539,Monckton attempts to stifle railway disputes
Q159767,10107/4885748,UNO foundling hospital
Q59589,10107/4885762,Suez show jump
Q57800,10107/4884401,The hole in the wall
Q159713,10107/4884411,The Rebels
Q159586,10107/4884426,Food for Europe
Q159242,10107/4885606,East meets West in San Fransisco
Q1285,10107/4885650,Juan Peron falls off his horse
Q57811,10107/4885802,Oh the pity of it all
Q61755,10107/4885824,Gaistkell in the dock
Q159690,10107/4884816,Strachey buying meat from butcher Peron
Q59505,10107/4884855,Attlee is left holding the baby
Q57777,10107/4885683,Angry British housewife
Q159586,10107/4885687,Germany's split personality
Q70046,10107/4885141,The lean joint
Q159661,10107/4885174,Rival neighbours
Q1336,10107/4885905,"Habib Ali Bourguiba, President of Tunisia"
Q159188,10107/4885346,Churchill signals from an island
Q70046,10107/4885568,Winston Churchill
Q159649,10107/4885340,H bomb report
Q159659,10107/4885581,Birth of the new Reich
Q61755,10107/4885867,Different views of nationalisation
Q159649,10107/4885893,Eisenhower in hospital with a missile
Q159636,10107/4885705,Eisenhower and Khrushchev as Father Christmas
Q159238,10107/4885427,Building Gatwick airport
Q132238,10107/4885898,Welfare state sacred cow
Q138160,10107/4885919,John Citizen boiling in the tax cauldron
Q159649,10107/4885945,The Middle East ablaze
Q57605,10107/4885953,Monty hangs up his cap
Q61755,10107/4885975,By-election
Q57640,10107/4885981,Gaitskell & Wilson in the London fog
Q159766,10107/4885991,Spring bird song
Q159687,10107/4884860,Attlee is carrying the dead weight
Q57800,10107/4884862,Out he comes! he's done his 8 hour day
Q82955,10107/4884929,Stuffing ground nut wallahs
Q61282,10107/4884535,No food on the cabinet's plate
Q57800,10107/4885596,The knives are out in the Labour Party court
Q138211,10107/4885185,Perhaps there's a new dress in the bag
Q159688,10107/4884983,Communist threats all over the world
Q159687,10107/4886065,Manpower cigarettes
Q106026,10107/4886076,Engineers' strike plan
Q1910,10107/4885876,The future of travel
Q159835,10107/4886988,Playing with fire
Q159776,10107/4887009,Douglas-Homes builds his cabinet
Q159742,10107/4885089,Housewives fear cost of living
Q61282,10107/4885095,Iranians loot H.M.S. Britain
Q1434,10107/4886176,Khrushchev & Bulganin roadshow
Q159766,10107/4886493,World peace?
Q61755,10107/4886513,Labour Party race
Q159766,10107/4886526,Khrushchev as a screaming baby
Q59717,10107/4886552,The white knight of the left
Q57640,10107/4886032,Sterling saucer
Q159766,10107/4886052,Yalta happy snaps
Q159624,10107/4886292,Jap aggression
Q59854,10107/4886310,Did I really have all that?
Q159610,10107/4886316,De Gaulle and Adenauer as logs
Q159649,10107/4886329,Khrushchev rides into town
Q159649,10107/4886560,Eisenhower on vacation but deals with Castro
Q159766,10107/4886578,World leaders in 1960 life drawing class
Q159835,10107/4886599,Kennedy muzzles the top brass
Q159776,10107/4887217,End of term
Q159792,10107/4887234,Seagull attack
Q159912,10107/4887249,The Carnival is over
Q159803,10107/4886938,Isn't he cute
Q1365,10107/4886696,Macmillan and Home playing golf
Q159924,10107/4887187,Hamilton approaches the House of Lords
Q60957,10107/4887198,George-Brown's ghost in the House of Commons
Q159776,10107/4887216,"Daddy, come back!"
Q57811,10107/4886222,Thorneycroft motors
Q57811,10107/4886243,Political snowball fight
Q159610,10107/4886260,Exploding cigar
Q159595,10107/4886294,You can go - without a stain on your character
Q159747,10107/4886818,Adenauer in the dock
Q57811,10107/4886840,Gunfight at Number10
Q159275,10107/4886980,Great train robbery
Q57800,10107/4885020,A cat tries to steal meat from the dinner table
Q57800,10107/4885044,National Coal Board
Q69555,10107/4886451,Khrushchev is the mirror image of Stalin
Q59717,10107/4886474,Fighting politicians
Q104060,10107/4886043,Transport between England and France
Q159835,10107/4886951,Kennedy rocket
Q159803,10107/4886969,The Audition
Q159766,10107/4886757,Issues in the world
Q57811,10107/4886771,ICI and Courtaulds going to Gretna Green
Q159610,10107/4886787,Cease... fire!
Q99620,10107/4887120,Douglas-Home at Downing Street
Q60957,10107/4887315,The innocent abroad
Q159610,10107/4887337,Public fashions
Q57640,10107/4887361,TUC Volcano
Q159610,10107/4887363,Taking the plunge
Q1910,10107/4886767,Courtaulds and ICI in combat
Q159610,10107/4887152,Into the new travel season
Q57640,10107/4887159,Wilson's 100 days
Q57671,10107/4887171,"""Writing? - What writing?"""
Q159766,10107/4886855,Soviet heroes welcome
Q60957,10107/4886875,Gaitskell's plane
Q60957,10107/4886885,Labour boxing match
Q159776,10107/4887470,Success
Q60546,10107/4887476,Impending crash
Q159776,10107/4887496,Who ordered this joust?
Q159285,10107/4887493,The Female of the Species
Q60957,10107/4887415,Don't just stand there
Q159610,10107/4887436,Stag at bay?
Q60546,10107/4887449,When will they ever learn?
Q159259,10107/4886419,Eisenhower and Macmillan on the front line
Q1910,10107/4886920,London visit of John McCone
Q132238,10107/4886722,Climbing the political ladder
Q150669,10107/4886115,Sir Bulbus Frutiger
Q159760,10107/4886143,John Bull and air umbrella
Q159766,10107/4886191,Khrushchev as a strongman
Q159188,10107/4886245,Yawning Big Ben
Q78904,10107/4887306,Verwoerd is assassinated
Q159845,10107/4886615,Hendrik Frensch Verwoerd
Q93936,10107/4886634,Prince Philip's view of the Commonwealth
Q159868,10107/4886673,Relaxing in the garden
Q57640,10107/4887271,Mister one percent
Q70099,10107/4887284,Budget 1966
Q57640,10107/4887291,Wilson shoots down Wyatt and Mayhew
Q159803,10107/4887054,Contemporary events depicted as babies
Q57640,10107/4887018,Labour defence policy nightmare
Q1410,10107/4887025,Constitutional breakdown in Cyprus
Q57640,10107/4887063,British economy blocked by power house unions
Q59025,10107/4887083,Illingworth suggests new symbols for the TUC
Q159803,10107/4886887,EEC Training
Q61755,10107/4886909,Hugh Gaitskell
Q159776,10107/4886924,The kick off
Q99620,10107/4887403,Wilson the madman
Q1178,10107/4886360,African problem
Q59428,10107/4887575,The wage-hogs
Q57800,10107/4887599,"Only thee more days, Manny!"
Q57811,10107/4887619,Getting a slice of the cake
Q59907,10107/4887508,Leadership of Britain
Q159776,10107/4887527,Punch-happy
Q58105,10107/4887553,It's you slow drivers who cause all the accidents
Q159747,10107/4886363,De Gaulle volcano erupts
Q159766,10107/4886383,Khrushchev in a tank
Q57640,10107/4887105,Harold Wilson as a matador
Q159841,10107/4887117,Hang on I'll save you!
Q57640,10107/4887135,What! Move all that lot? Us five?
Q61755,10107/4886399,Gaitskell as a Scotsman in a cave
Q159610,10107/4886430,De Gaulle attempts to woo Britannia
Q159940,10107/4887369,The future of Europe
Q159684,10107/4887385,Hitch hilking
Q159869,10107/4887389,British lion at the dentist
Q59025,10107/4887406,Another postcard from Brighton
Q60103,10107/4887732,Feeding time
Q159846,10107/4887756,"Nixon, Kennedy and Monroe"
Q159967,10107/4887776,Bardot goes shopping
Q159769,10107/4887667,Petrol at gunpoint
Q159769,10107/4887688,Arab-Israel war
Q159186,10107/4887676,The British press
Q59025,10107/4887705,I'm frightened of a Brown Christmas
Q138160,10107/4887718,Another rainy day in Downing Street